seed,gridsize,ncount,method,runtime
63,100,20,2,4.123984
63,100,20,3,11.561915
63,100,20,4,4.001717
63,100,20,5,3.031334
63,100,20,6,6.622557
20,100,21,2,0.691694
20,100,21,3,114.750231
20,100,21,4,0.239342
20,100,21,5,7.297412
20,100,21,6,2.960722
33,100,22,2,0.122922
33,100,22,3,69.879399
33,100,22,4,0.003795
33,100,22,5,18.4117
33,100,22,6,1.483958
78,100,23,2,0.064406
78,100,23,3,205.793648
78,100,23,4,0.663387
78,100,23,5,42.97808
78,100,23,6,10.044899
50,100,24,2,55.173004
50,100,24,3,
50,100,24,4,0.029376
50,100,24,5,100.203227
50,100,24,6,31.622004
50,100,25,2,104.184951
50,100,25,3,
50,100,25,4,0.852094
50,100,25,5,385.353161
50,100,25,6,61.19214
100,1000,20,2,0.095153
100,1000,20,3,8.211818
100,1000,20,4,0.003557
100,1000,20,5,3.220982
100,1000,20,6,0.303346
90,1000,21,2,1.132883
90,1000,21,3,120.728977
90,1000,21,4,0.003515
90,1000,21,5,7.879448
90,1000,21,6,0.683084
99,1000,22,2,3.377515
99,1000,22,3,91.546016
99,1000,22,4,0.016674
99,1000,22,5,18.686619
99,1000,22,6,1.494836
62,1000,23,2,19.118082
62,1000,23,3,99.353898
62,1000,23,4,0.008902
62,1000,23,5,42.721369
62,1000,23,6,3.310119
61,1000,24,2,17.648365
61,1000,24,3,
61,1000,24,4,0.502322
61,1000,24,5,105.560495
61,1000,24,6,7.283084
42,1000,25,2,0.153827
42,1000,25,3,
42,1000,25,4,0.005048
42,1000,25,5,240.848406
42,1000,25,6,68.110501
35,5000,20,2,1.733551
35,5000,20,3,53.432687
35,5000,20,4,0.315033
35,5000,20,5,3.229658
35,5000,20,6,0.302671
94,5000,21,2,12.337063
94,5000,21,3,70.342742
94,5000,21,4,0.004191
94,5000,21,5,7.70644
94,5000,21,6,0.690807
19,5000,22,2,0.961217
19,5000,22,3,167.738686
19,5000,22,4,0.241981
19,5000,22,5,17.466249
19,5000,22,6,1.48567
89,5000,23,2,52.263411
89,5000,23,3,150.469501
89,5000,23,4,0.02461
89,5000,23,5,41.414325
89,5000,23,6,3.291747
8,5000,24,2,43.308424
8,5000,24,3,521.607666
8,5000,24,4,0.005008
8,5000,24,5,95.254045
8,5000,24,6,7.110569
47,5000,25,2,0.656136
47,5000,25,3,
47,5000,25,4,0.306813
47,5000,25,5,289.155615
47,5000,25,6,15.699962
40,100,20,2,0.98304
40,100,20,3,19.931488
40,100,20,4,0.00332
40,100,20,5,3.434247
40,100,20,6,0.308471
25,100,21,2,2.117606
25,100,21,3,63.900076
25,100,21,4,1.043783
25,100,21,5,7.567123
25,100,21,6,4.715041
65,100,22,2,20.93701
65,100,22,3,56.427042
65,100,22,4,0.005287
65,100,22,5,16.401016
65,100,22,6,29.670472
10,100,23,2,0.208186
10,100,23,3,255.029992
10,100,23,4,0.005314
10,100,23,5,40.555927
10,100,23,6,22.856387
59,100,24,2,
59,100,24,3,
59,100,24,4,0.052519
59,100,24,5,98.530667
59,100,24,6,7.254096
55,100,25,2,4.059954
55,100,25,3,
55,100,25,4,0.006528
55,100,25,5,
55,100,25,6,162.61378
69,1000,20,2,5.483576
69,1000,20,3,8.516456
69,1000,20,4,0.003482
69,1000,20,5,3.403373
69,1000,20,6,0.30895
35,1000,21,2,0.289741
35,1000,21,3,19.976569
35,1000,21,4,0.00441
35,1000,21,5,7.817557
35,1000,21,6,0.676987
66,1000,22,2,3.810807
66,1000,22,3,44.96562
66,1000,22,4,0.004104
66,1000,22,5,17.354549
66,1000,22,6,2.761181
29,1000,23,2,0.728503
29,1000,23,3,161.69652
29,1000,23,4,0.01737
29,1000,23,5,39.29473
29,1000,23,6,3.214807
26,1000,24,2,1.34541
26,1000,24,3,444.410022
26,1000,24,4,0.004801
26,1000,24,5,99.466708
26,1000,24,6,7.114796
3,1000,25,2,10.637462
3,1000,25,3,
3,1000,25,4,0.008078
3,1000,25,5,502.786182
3,1000,25,6,15.689817
87,5000,20,2,4.303374
87,5000,20,3,8.238919
87,5000,20,4,0.005334
87,5000,20,5,3.091712
87,5000,20,6,0.303827
80,5000,21,2,3.694661
80,5000,21,3,98.972622
80,5000,21,4,0.004797
80,5000,21,5,7.644513
80,5000,21,6,0.672667
48,5000,22,2,8.77949
48,5000,22,3,65.258176
48,5000,22,4,0.008405
48,5000,22,5,16.872491
48,5000,22,6,1.466825
52,5000,23,2,7.399933
52,5000,23,3,124.069008
52,5000,23,4,1.467744
52,5000,23,5,38.206044
52,5000,23,6,3.234552
28,5000,24,2,180.13039
28,5000,24,3,270.609199
28,5000,24,4,0.018204
28,5000,24,5,92.642098
28,5000,24,6,7.143503
36,5000,25,2,0.706081
36,5000,25,3,
36,5000,25,4,0.005625
36,5000,25,5,223.163011
36,5000,25,6,15.586159
41,100,20,2,0.004397
41,100,20,3,7.366229
41,100,20,4,0.002197
41,100,20,5,2.886777
41,100,20,6,0.294891
94,100,21,2,0.595832
94,100,21,3,17.22942
94,100,21,4,0.004868
94,100,21,5,6.329897
94,100,21,6,0.649275
94,100,22,2,0.819568
94,100,22,3,39.409187
94,100,22,4,0.006891
94,100,22,5,15.104416
94,100,22,6,1.444923
30,100,23,2,9.002391
30,100,23,3,93.938733
30,100,23,4,0.004622
30,100,23,5,36.99998
30,100,23,6,3.256341
89,100,24,2,0.429381
89,100,24,3,244.099207
89,100,24,4,0.00482
89,100,24,5,97.500031
89,100,24,6,7.197788
82,100,25,2,9.876245
82,100,25,3,
82,100,25,4,0.692251
82,100,25,5,220.398828
82,100,25,6,16.111374
7,1000,20,2,0.081021
7,1000,20,3,8.424171
7,1000,20,4,0.003346
7,1000,20,5,3.397206
7,1000,20,6,0.307156
93,1000,21,2,3.948558
93,1000,21,3,24.357658
93,1000,21,4,0.859094
93,1000,21,5,7.242945
93,1000,21,6,0.658143
51,1000,22,2,11.876174
51,1000,22,3,128.614358
51,1000,22,4,0.037079
51,1000,22,5,16.899185
51,1000,22,6,1.855689
74,1000,23,2,15.23924
74,1000,23,3,198.293872
74,1000,23,4,0.158694
74,1000,23,5,39.560832
74,1000,23,6,13.409606
42,1000,24,2,0.159521
42,1000,24,3,457.82145
42,1000,24,4,0.004073
42,1000,24,5,97.196822
42,1000,24,6,36.689816
55,1000,25,2,0.774063
55,1000,25,3,
55,1000,25,4,0.004224
55,1000,25,5,236.413008
55,1000,25,6,32.5768
63,5000,20,2,2.645859
63,5000,20,3,8.486039
63,5000,20,4,0.003275
63,5000,20,5,3.262772
63,5000,20,6,0.639029
77,5000,21,2,1.034475
77,5000,21,3,62.552678
77,5000,21,4,13.904962
77,5000,21,5,62.59923
77,5000,21,6,0.657681
26,5000,22,2,15.25679
26,5000,22,3,222.702221
26,5000,22,4,0.003734
26,5000,22,5,18.144626
26,5000,22,6,1.485873
54,5000,23,2,15.63001
54,5000,23,3,138.193924
54,5000,23,4,0.004244
54,5000,23,5,43.844512
54,5000,23,6,3.400411
64,5000,24,2,149.331898
64,5000,24,3,
64,5000,24,4,0.011943
64,5000,24,5,101.56994
64,5000,24,6,7.245648
76,5000,25,2,543.020045
76,5000,25,3,
76,5000,25,4,0.712147
76,5000,25,5,220.954537
76,5000,25,6,
26,100,20,2,2.300835
26,100,20,3,7.630844
26,100,20,4,0.003111
26,100,20,5,2.750832
26,100,20,6,0.299217
42,100,21,2,1.536697
42,100,21,3,18.716044
42,100,21,4,0.007076
42,100,21,5,7.144377
42,100,21,6,0.671043
54,100,22,2,3.808877
54,100,22,3,42.632665
54,100,22,4,0.006162
54,100,22,5,16.631568
54,100,22,6,1.458852
51,100,23,2,4.779348
51,100,23,3,94.322457
51,100,23,4,0.009084
51,100,23,5,38.128981
51,100,23,6,3.246845
44,100,24,2,1.053578
44,100,24,3,249.188631
44,100,24,4,0.004034
44,100,24,5,101.29685
44,100,24,6,7.232317
60,100,25,2,1.415714
60,100,25,3,
60,100,25,4,0.433838
60,100,25,5,226.144547
60,100,25,6,36.796214
92,1000,20,2,2.375781
92,1000,20,3,8.295953
92,1000,20,4,0.00333
92,1000,20,5,3.458965
92,1000,20,6,0.311743
40,1000,21,2,0.342293
40,1000,21,3,20.149821
40,1000,21,4,0.004241
40,1000,21,5,7.882235
40,1000,21,6,3.335285
64,1000,22,2,0.407532
64,1000,22,3,130.45858
64,1000,22,4,2.299709
64,1000,22,5,16.898496
64,1000,22,6,1.496643
86,1000,23,2,5.532805
86,1000,23,3,268.388137
86,1000,23,4,0.004559
86,1000,23,5,41.162788
86,1000,23,6,59.05236
86,1000,24,2,12.409941
86,1000,24,3,
86,1000,24,4,1.259705
86,1000,24,5,90.878949
86,1000,24,6,7.288705
99,1000,25,2,0.787985
99,1000,25,3,
99,1000,25,4,0.381718
99,1000,25,5,218.379349
99,1000,25,6,62.57278
59,5000,20,2,
59,5000,20,3,9.206766
59,5000,20,4,1.730648
59,5000,20,5,4.970196
59,5000,20,6,0.297754
26,5000,21,2,1.142534
26,5000,21,3,50.868042
26,5000,21,4,11.07167
26,5000,21,5,10.334705
26,5000,21,6,0.657944
46,5000,22,2,102.413826
46,5000,22,3,312.902408
46,5000,22,4,0.004792
46,5000,22,5,19.086724
46,5000,22,6,1.507293
35,5000,23,2,5.421568
35,5000,23,3,118.564883
35,5000,23,4,6.080756
35,5000,23,5,41.797327
35,5000,23,6,3.281988
71,5000,24,2,0.257863
71,5000,24,3,492.657757
71,5000,24,4,0.004043
71,5000,24,5,104.402862
71,5000,24,6,7.243534
80,5000,25,2,
80,5000,25,3,
80,5000,25,4,0.359758
80,5000,25,5,219.720836
80,5000,25,6,15.722631
46,100,20,2,0.120221
46,100,20,3,18.431582
46,100,20,4,0.002999
46,100,20,5,3.273074
46,100,20,6,0.306318
72,100,21,2,0.157162
72,100,21,3,60.618986
72,100,21,4,0.01363
72,100,21,5,7.812263
72,100,21,6,0.680738
43,100,22,2,59.855455
43,100,22,3,65.384562
43,100,22,4,0.064468
43,100,22,5,18.408577
43,100,22,6,1.48336
21,100,23,2,5.485127
21,100,23,3,294.059939
21,100,23,4,3.857059
21,100,23,5,41.228147
21,100,23,6,46.965079
68,100,24,2,0.099329
68,100,24,3,
68,100,24,4,2.456529
68,100,24,5,91.18609
68,100,24,6,14.265569
91,100,25,2,31.974311
91,100,25,3,
91,100,25,4,0.008232
91,100,25,5,224.206579
91,100,25,6,69.420849
4,1000,20,2,0.337019
4,1000,20,3,55.944046
4,1000,20,4,5.947888
4,1000,20,5,3.302959
4,1000,20,6,0.309381
81,1000,21,2,0.063377
81,1000,21,3,118.499984
81,1000,21,4,0.003203
81,1000,21,5,8.107675
81,1000,21,6,0.673505
51,1000,22,2,11.861415
51,1000,22,3,91.621753
51,1000,22,4,0.011027
51,1000,22,5,18.506695
51,1000,22,6,1.482959
89,1000,23,2,54.594593
89,1000,23,3,99.921422
89,1000,23,4,0.005445
89,1000,23,5,41.615335
89,1000,23,6,3.310252
71,1000,24,2,91.333451
71,1000,24,3,
71,1000,24,4,0.005713
71,1000,24,5,99.396308
71,1000,24,6,7.195389
65,1000,25,2,16.667513
65,1000,25,3,
65,1000,25,4,0.584456
65,1000,25,5,270.30994
65,1000,25,6,15.782227
31,5000,20,2,4.493594
31,5000,20,3,8.233672
31,5000,20,4,0.003189
31,5000,20,5,3.196252
31,5000,20,6,0.303231
52,5000,21,2,0.195076
52,5000,21,3,75.789031
52,5000,21,4,0.855905
52,5000,21,5,6.930294
52,5000,21,6,15.983795
97,5000,22,2,2.651043
97,5000,22,3,119.825147
97,5000,22,4,0.021817
97,5000,22,5,17.037187
97,5000,22,6,3.933745
96,5000,23,2,1.24953
96,5000,23,3,256.440642
96,5000,23,4,1.310101
96,5000,23,5,48.94346
96,5000,23,6,3.290461
92,5000,24,2,1.104447
92,5000,24,3,
92,5000,24,4,5.00197
92,5000,24,5,88.239707
92,5000,24,6,
77,5000,25,2,22.524169
77,5000,25,3,
77,5000,25,4,0.25614
77,5000,25,5,217.820899
77,5000,25,6,42.849526
74,100,20,2,0.001341
74,100,20,3,8.158091
74,100,20,4,0.002259
74,100,20,5,2.914007
74,100,20,6,0.305226
44,100,21,2,0.360193
44,100,21,3,19.006737
44,100,21,4,0.003196
44,100,21,5,6.951778
44,100,21,6,0.683711
84,100,22,2,0.122485
84,100,22,3,80.580185
84,100,22,4,0.003022
84,100,22,5,18.856205
84,100,22,6,1.496001
42,100,23,2,0.847074
42,100,23,3,98.998762
42,100,23,4,0.005731
42,100,23,5,42.605963
42,100,23,6,7.412904
73,100,24,2,5.153167
73,100,24,3,
73,100,24,4,0.417259
73,100,24,5,95.210385
73,100,24,6,7.289552
26,100,25,2,95.565915
26,100,25,3,
26,100,25,4,0.007797
26,100,25,5,233.04639
26,100,25,6,16.146627
27,1000,20,2,1.585459
27,1000,20,3,8.620451
27,1000,20,4,0.004296
27,1000,20,5,3.401467
27,1000,20,6,0.308399
31,1000,21,2,184.618527
31,1000,21,3,104.303198
31,1000,21,4,0.01237
31,1000,21,5,7.404104
31,1000,21,6,45.075246
27,1000,22,2,33.085116
27,1000,22,3,214.44107
27,1000,22,4,0.410359
27,1000,22,5,18.294206
27,1000,22,6,1.510294
57,1000,23,2,1.4001
57,1000,23,3,245.506776
57,1000,23,4,12.896428
57,1000,23,5,41.850325
57,1000,23,6,3.345792
97,1000,24,2,3.039406
97,1000,24,3,
97,1000,24,4,0.004947
97,1000,24,5,101.593404
97,1000,24,6,7.319825
62,1000,25,2,6.444504
62,1000,25,3,
62,1000,25,4,10.339115
62,1000,25,5,211.996525
62,1000,25,6,29.877055
45,5000,20,2,29.090209
45,5000,20,3,151.236286
45,5000,20,4,0.003749
45,5000,20,5,3.515524
45,5000,20,6,0.311785
4,5000,21,2,4.323402
4,5000,21,3,20.303677
4,5000,21,4,0.004948
4,5000,21,5,8.205165
4,5000,21,6,0.68761
100,5000,22,2,
100,5000,22,3,78.337581
100,5000,22,4,0.006215
100,5000,22,5,18.744004
100,5000,22,6,1.501491
76,5000,23,2,
76,5000,23,3,189.601709
76,5000,23,4,0.00694
76,5000,23,5,42.034843
76,5000,23,6,3.320397
45,5000,24,2,2.790728
45,5000,24,3,
45,5000,24,4,0.01255
45,5000,24,5,95.80152
45,5000,24,6,7.193777
32,5000,25,2,43.176516
32,5000,25,3,
32,5000,25,4,0.013493
32,5000,25,5,224.000601
32,5000,25,6,15.804204
51,100,20,2,0.912182
51,100,20,3,23.749368
51,100,20,4,0.004096
51,100,20,5,3.255457
51,100,20,6,0.306334
13,100,21,2,1.318341
13,100,21,3,19.822541
13,100,21,4,0.005658
13,100,21,5,7.625412
13,100,21,6,0.667419
40,100,22,2,0.296628
40,100,22,3,42.99681
40,100,22,4,0.003382
40,100,22,5,17.998256
40,100,22,6,1.479167
37,100,23,2,7.432837
37,100,23,3,109.039025
37,100,23,4,0.027865
37,100,23,5,40.154507
37,100,23,6,3.293834
57,100,24,2,0.500955
57,100,24,3,
57,100,24,4,0.004387
57,100,24,5,99.153874
57,100,24,6,42.467905
2,100,25,2,114.049188
2,100,25,3,
2,100,25,4,1.140131
2,100,25,5,242.47753
2,100,25,6,68.246614
81,1000,20,2,0.294793
81,1000,20,3,94.792515
81,1000,20,4,3.542211
81,1000,20,5,3.314655
81,1000,20,6,0.322711
64,1000,21,2,0.397903
64,1000,21,3,184.627401
64,1000,21,4,0.004008
64,1000,21,5,7.854815
64,1000,21,6,2.644557
90,1000,22,2,0.318687
90,1000,22,3,126.871617
90,1000,22,4,0.120081
90,1000,22,5,16.945833
90,1000,22,6,9.873818
44,1000,23,2,0.790652
44,1000,23,3,212.583802
44,1000,23,4,0.022313
44,1000,23,5,41.191534
44,1000,23,6,3.319595
39,1000,24,2,1.594063
39,1000,24,3,
39,1000,24,4,0.005727
39,1000,24,5,102.957969
39,1000,24,6,7.367006
73,1000,25,2,118.716943
73,1000,25,3,
73,1000,25,4,18.156616
73,1000,25,5,
73,1000,25,6,37.882651
88,5000,20,2,5.995387
88,5000,20,3,26.847764
88,5000,20,4,0.005206
88,5000,20,5,3.169372
88,5000,20,6,0.302846
95,5000,21,2,0.333626
95,5000,21,3,46.795534
95,5000,21,4,0.002852
95,5000,21,5,7.583143
95,5000,21,6,0.682362
20,5000,22,2,2.410367
20,5000,22,3,160.054761
20,5000,22,4,0.005067
20,5000,22,5,18.685971
20,5000,22,6,1.514954
82,5000,23,2,19.218698
82,5000,23,3,100.893331
82,5000,23,4,0.215287
82,5000,23,5,41.72128
82,5000,23,6,3.24885
18,5000,24,2,171.085388
18,5000,24,3,476.013824
18,5000,24,4,0.009577
18,5000,24,5,96.677367
18,5000,24,6,7.147473
27,5000,25,2,15.496854
27,5000,25,3,
27,5000,25,4,0.0061
27,5000,25,5,230.381104
27,5000,25,6,72.360683
65,100,20,2,1.742617
65,100,20,3,8.185178
65,100,20,4,0.004231
65,100,20,5,3.280304
65,100,20,6,0.302281
31,100,21,2,0.068686
31,100,21,3,19.006731
31,100,21,4,0.00339
31,100,21,5,7.646784
31,100,21,6,0.67851
37,100,22,2,5.79477
37,100,22,3,45.201321
37,100,22,4,0.00716
37,100,22,5,17.747746
37,100,22,6,1.493874
84,100,23,2,0.156501
84,100,23,3,131.008388
84,100,23,4,0.003194
84,100,23,5,40.043553
84,100,23,6,3.2942
26,100,24,2,26.513406
26,100,24,3,
26,100,24,4,0.852498
26,100,24,5,93.711206
26,100,24,6,70.281617
82,100,25,2,17.258469
82,100,25,3,
82,100,25,4,0.486196
82,100,25,5,227.933471
82,100,25,6,20.043777
9,1000,20,2,1.330625
9,1000,20,3,8.470837
9,1000,20,4,0.010856
9,1000,20,5,3.437935
9,1000,20,6,0.312336
45,1000,21,2,0.566967
45,1000,21,3,30.781645
45,1000,21,4,2.039438
45,1000,21,5,41.271917
45,1000,21,6,14.667643
1,1000,22,2,3.45817
1,1000,22,3,126.663024
1,1000,22,4,6.408103
1,1000,22,5,18.628859
1,1000,22,6,1.77498
5,1000,23,2,10.228601
5,1000,23,3,133.600232
5,1000,23,4,0.798029
5,1000,23,5,41.533404
5,1000,23,6,33.223503
87,1000,24,2,1.727196
87,1000,24,3,
87,1000,24,4,0.00628
87,1000,24,5,94.032924
87,1000,24,6,7.289689
18,1000,25,2,10.101684
18,1000,25,3,
18,1000,25,4,0.017158
18,1000,25,5,240.697692
18,1000,25,6,16.02915
26,5000,20,2,0.55378
26,5000,20,3,8.319945
26,5000,20,4,0.004027
26,5000,20,5,3.287548
26,5000,20,6,0.308821
22,5000,21,2,0.556837
22,5000,21,3,19.467819
22,5000,21,4,0.003305
22,5000,21,5,7.712568
22,5000,21,6,0.679052
67,5000,22,2,4.304892
67,5000,22,3,44.548948
67,5000,22,4,0.004866
67,5000,22,5,17.775061
67,5000,22,6,1.487347
25,5000,23,2,76.121745
25,5000,23,3,487.286167
25,5000,23,4,0.006775
25,5000,23,5,44.559859
25,5000,23,6,3.346062
100,5000,24,2,
100,5000,24,3,253.49033
100,5000,24,4,0.008222
100,5000,24,5,94.06325
100,5000,24,6,43.173852
34,5000,25,2,24.090378
34,5000,25,3,
34,5000,25,4,0.005774
34,5000,25,5,226.004477
34,5000,25,6,103.000169
32,100,20,2,1.670273
32,100,20,3,7.96329
32,100,20,4,0.005435
32,100,20,5,2.993521
32,100,20,6,0.305924
56,100,21,2,0.781762
56,100,21,3,18.708138
56,100,21,4,0.004925
56,100,21,5,7.211485
56,100,21,6,0.678809
53,100,22,2,0.10665
53,100,22,3,45.017313
53,100,22,4,0.003674
53,100,22,5,17.236416
53,100,22,6,1.499163
58,100,23,2,5.065231
58,100,23,3,99.025557
58,100,23,4,0.004067
58,100,23,5,43.398867
58,100,23,6,3.285746
9,100,24,2,1.531036
9,100,24,3,249.196155
9,100,24,4,0.006431
9,100,24,5,103.740873
9,100,24,6,7.341573
33,100,25,2,0.819599
33,100,25,3,
33,100,25,4,0.009848
33,100,25,5,228.793194
33,100,25,6,45.05869
32,1000,20,2,0.78731
32,1000,20,3,28.467735
32,1000,20,4,0.002795
32,1000,20,5,3.275564
32,1000,20,6,0.307457
22,1000,21,2,6.602152
22,1000,21,3,19.955864
22,1000,21,4,0.004019
22,1000,21,5,8.077387
22,1000,21,6,0.681468
42,1000,22,2,0.099637
42,1000,22,3,130.845144
42,1000,22,4,0.151557
42,1000,22,5,17.551437
42,1000,22,6,8.417655
86,1000,23,2,5.45018
86,1000,23,3,274.729376
86,1000,23,4,0.20947
86,1000,23,5,40.117326
86,1000,23,6,64.338373
70,1000,24,2,13.936849
70,1000,24,3,
70,1000,24,4,0.007045
70,1000,24,5,91.835316
70,1000,24,6,21.773448
47,1000,25,2,396.74565
47,1000,25,3,
47,1000,25,4,0.050431
47,1000,25,5,244.400005
47,1000,25,6,44.448988
56,5000,20,2,48.625478
56,5000,20,3,8.144422
56,5000,20,4,16.436535
56,5000,20,5,4.395158
56,5000,20,6,1.429129
26,5000,21,2,1.149997
26,5000,21,3,84.125482
26,5000,21,4,0.232016
26,5000,21,5,7.310886
26,5000,21,6,0.662557
60,5000,22,2,1.209935
60,5000,22,3,317.534389
60,5000,22,4,0.004972
60,5000,22,5,18.973178
60,5000,22,6,1.499069
17,5000,23,2,0.448729
17,5000,23,3,112.202349
17,5000,23,4,1.023707
17,5000,23,5,42.095376
17,5000,23,6,3.341502
76,5000,24,2,85.934989
76,5000,24,3,465.538084
76,5000,24,4,0.00903
76,5000,24,5,101.344428
76,5000,24,6,9.861499
52,5000,25,2,12.726228
52,5000,25,3,
52,5000,25,4,0.28086
52,5000,25,5,226.275873
52,5000,25,6,51.270791
95,100,20,2,0.03977
95,100,20,3,8.469442
95,100,20,4,0.00299
95,100,20,5,3.284869
95,100,20,6,3.645123
9,100,21,2,0.314328
9,100,21,3,123.820402
9,100,21,4,0.004229
9,100,21,5,7.62124
9,100,21,6,0.686186
80,100,22,2,1.329357
80,100,22,3,77.386237
80,100,22,4,0.0313
80,100,22,5,18.543407
80,100,22,6,1.496897
28,100,23,2,9.829118
28,100,23,3,216.803996
28,100,23,4,0.00454
28,100,23,5,42.12626
28,100,23,6,3.312962
82,100,24,2,24.128127
82,100,24,3,
82,100,24,4,0.037441
82,100,24,5,98.405523
82,100,24,6,13.538482
66,100,25,2,0.462769
66,100,25,3,
66,100,25,4,3.965972
66,100,25,5,222.806397
66,100,25,6,16.35067
87,1000,20,2,0.358911
87,1000,20,3,8.485
87,1000,20,4,0.003483
87,1000,20,5,3.326017
87,1000,20,6,0.314287
33,1000,21,2,1.549197
33,1000,21,3,60.161369
33,1000,21,4,0.003397
33,1000,21,5,8.053651
33,1000,21,6,0.686597
74,1000,22,2,3.150231
74,1000,22,3,91.437579
74,1000,22,4,0.921128
74,1000,22,5,56.999299
74,1000,22,6,48.019973
83,1000,23,2,1.761208
83,1000,23,3,285.815356
83,1000,23,4,1.95896
83,1000,23,5,42.029073
83,1000,23,6,3.294781
2,1000,24,2,1.016606
2,1000,24,3,216.533353
2,1000,24,4,0.005274
2,1000,24,5,95.423094
2,1000,24,6,46.727244
68,1000,25,2,37.093745
68,1000,25,3,
68,1000,25,4,0.019994
68,1000,25,5,225.81726
68,1000,25,6,39.408806
5,5000,20,2,2.527536
5,5000,20,3,26.217193
5,5000,20,4,0.858279
5,5000,20,5,3.186074
5,5000,20,6,0.309678
3,5000,21,2,9.418847
3,5000,21,3,36.338698
3,5000,21,4,0.510296
3,5000,21,5,7.654058
3,5000,21,6,0.675215
70,5000,22,2,3.287897
70,5000,22,3,159.552175
70,5000,22,4,0.004593
70,5000,22,5,18.415694
70,5000,22,6,1.502006
10,5000,23,2,33.556613
10,5000,23,3,104.465804
10,5000,23,4,0.005061
10,5000,23,5,41.563798
10,5000,23,6,3.285051
38,5000,24,2,1.589832
38,5000,24,3,
38,5000,24,4,0.004429
38,5000,24,5,100.239591
38,5000,24,6,7.136631
95,5000,25,2,19.641535
95,5000,25,3,
95,5000,25,4,0.785319
95,5000,25,5,232.587677
95,5000,25,6,
71,100,20,2,0.02741
71,100,20,3,13.908831
71,100,20,4,0.002741
71,100,20,5,3.538995
71,100,20,6,0.309039
80,100,21,2,0.152163
80,100,21,3,19.733154
80,100,21,4,0.003242
80,100,21,5,7.755743
80,100,21,6,0.687809
100,100,22,2,1.882677
100,100,22,3,61.087595
100,100,22,4,0.141784
100,100,22,5,16.299765
100,100,22,6,61.988707
7,100,23,2,6.592944
7,100,23,3,274.633781
7,100,23,4,0.425489
7,100,23,5,38.996715
7,100,23,6,78.798798
21,100,24,2,3.114662
21,100,24,3,
21,100,24,4,0.300478
21,100,24,5,95.474775
21,100,24,6,7.261295
59,100,25,2,
59,100,25,3,
59,100,25,4,0.013297
59,100,25,5,227.27453
59,100,25,6,63.737671
98,1000,20,2,33.504739
98,1000,20,3,54.122628
98,1000,20,4,1.289587
98,1000,20,5,20.637794
98,1000,20,6,0.30898
47,1000,21,2,29.995667
47,1000,21,3,105.186798
47,1000,21,4,0.007349
47,1000,21,5,7.863369
47,1000,21,6,0.682245
57,1000,22,2,0.725903
57,1000,22,3,86.818541
57,1000,22,4,2.407226
57,1000,22,5,18.258801
57,1000,22,6,1.518517
44,1000,23,2,0.684963
44,1000,23,3,99.92379
44,1000,23,4,0.004872
44,1000,23,5,41.468929
44,1000,23,6,3.318572
84,1000,24,2,5.145934
84,1000,24,3,
84,1000,24,4,1.193146
84,1000,24,5,88.397056
84,1000,24,6,
72,1000,25,2,7.784326
72,1000,25,3,
72,1000,25,4,1.126749
72,1000,25,5,214.501482
72,1000,25,6,38.370253
99,5000,20,2,10.826853
99,5000,20,3,7.970143
99,5000,20,4,0.003978
99,5000,20,5,3.128178
99,5000,20,6,0.355936
29,5000,21,2,48.962636
29,5000,21,3,56.338933
29,5000,21,4,0.335593
29,5000,21,5,29.649013
29,5000,21,6,0.679374
49,5000,22,2,0.950262
49,5000,22,3,53.822791
49,5000,22,4,0.00594
49,5000,22,5,18.333195
49,5000,22,6,1.488677
79,5000,23,2,4.914369
79,5000,23,3,103.401614
79,5000,23,4,30.939065
79,5000,23,5,39.801929
79,5000,23,6,3.296601
52,5000,24,2,79.41023
52,5000,24,3,519.732106
52,5000,24,4,0.006722
52,5000,24,5,96.425473
52,5000,24,6,7.158898
39,5000,25,2,149.63151
39,5000,25,3,
39,5000,25,4,0.028617
39,5000,25,5,227.747266
39,5000,25,6,15.673934
21,100,20,2,0.854246
21,100,20,3,8.136782
21,100,20,4,0.010005
21,100,20,5,3.074397
21,100,20,6,0.305416
68,100,21,2,0.303805
68,100,21,3,20.364831
68,100,21,4,0.003773
68,100,21,5,8.348504
68,100,21,6,0.688467
14,100,22,2,0.025294
14,100,22,3,46.395383
14,100,22,4,0.00344
14,100,22,5,19.314167
14,100,22,6,1.508723
60,100,23,2,1.050173
60,100,23,3,97.793647
60,100,23,4,0.004495
60,100,23,5,42.355137
60,100,23,6,3.290364
69,100,24,2,51.057207
69,100,24,3,257.630053
69,100,24,4,0.654958
69,100,24,5,95.886294
69,100,24,6,20.37341
62,100,25,2,20.255634
62,100,25,3,
62,100,25,4,0.006155
62,100,25,5,231.728985
62,100,25,6,58.242744
44,1000,20,2,0.285146
44,1000,20,3,24.261981
44,1000,20,4,0.112273
44,1000,20,5,3.434683
44,1000,20,6,0.312339
56,1000,21,2,2.966383
56,1000,21,3,58.544315
56,1000,21,4,0.003812
56,1000,21,5,7.634111
56,1000,21,6,6.468813
43,1000,22,2,0.415447
43,1000,22,3,138.485146
43,1000,22,4,3.57856
43,1000,22,5,18.428639
43,1000,22,6,1.501091
40,1000,23,2,0.393062
40,1000,23,3,257.211815
40,1000,23,4,0.019587
40,1000,23,5,40.999944
40,1000,23,6,3.31608
74,1000,24,2,2.706581
74,1000,24,3,
74,1000,24,4,3.431531
74,1000,24,5,115.500775
74,1000,24,6,11.981973
6,1000,25,2,8.55127
6,1000,25,3,
6,1000,25,4,3.212231
6,1000,25,5,218.342303
6,1000,25,6,
83,5000,20,2,5.026894
83,5000,20,3,8.484698
83,5000,20,4,0.003882
83,5000,20,5,3.3485
83,5000,20,6,0.309224
91,5000,21,2,1.565898
91,5000,21,3,20.04402
91,5000,21,4,0.003795
91,5000,21,5,7.841815
91,5000,21,6,0.678518
42,5000,22,2,29.656282
42,5000,22,3,45.675822
42,5000,22,4,0.004964
42,5000,22,5,18.297961
42,5000,22,6,1.499171
61,5000,23,2,353.088227
61,5000,23,3,409.356169
61,5000,23,4,0.004639
61,5000,23,5,42.779893
61,5000,23,6,3.309503
49,5000,24,2,3.969577
49,5000,24,3,
49,5000,24,4,0.447922
49,5000,24,5,102.149334
49,5000,24,6,7.277696
9,5000,25,2,27.654777
9,5000,25,3,
9,5000,25,4,0.81428
9,5000,25,5,216.740461
9,5000,25,6,21.29981
35,100,20,2,0.169108
35,100,20,3,7.655426
35,100,20,4,0.003821
35,100,20,5,2.861586
35,100,20,6,0.296422
81,100,21,2,2.194698
81,100,21,3,17.833655
81,100,21,4,0.003507
81,100,21,5,7.557355
81,100,21,6,0.656583
89,100,22,2,0.359763
89,100,22,3,40.661854
89,100,22,4,0.004057
89,100,22,5,17.765931
89,100,22,6,1.444185
15,100,23,2,0.123928
15,100,23,3,90.907133
15,100,23,4,0.003963
15,100,23,5,36.366551
15,100,23,6,3.192445
89,100,24,2,0.430265
89,100,24,3,200.084504
89,100,24,4,0.004792
89,100,24,5,85.302439
89,100,24,6,7.071781
81,100,25,2,29.347773
81,100,25,3,
81,100,25,4,0.968597
81,100,25,5,216.075674
81,100,25,6,15.745143
49,1000,20,2,1.194285
49,1000,20,3,8.132984
49,1000,20,4,0.003312
49,1000,20,5,3.25323
49,1000,20,6,0.302809
79,1000,21,2,0.15124
79,1000,21,3,19.162486
79,1000,21,4,0.002913
79,1000,21,5,7.524971
79,1000,21,6,0.670881
18,1000,22,2,6.756499
18,1000,22,3,176.533878
18,1000,22,4,0.050663
18,1000,22,5,17.278021
18,1000,22,6,32.704889
45,1000,23,2,13.356356
45,1000,23,3,330.134381
45,1000,23,4,0.042363
45,1000,23,5,42.235901
45,1000,23,6,3.269311
85,1000,24,2,6.752028
85,1000,24,3,
85,1000,24,4,1.409702
85,1000,24,5,98.990998
85,1000,24,6,52.236403
14,1000,25,2,54.492062
14,1000,25,3,
14,1000,25,4,0.105293
14,1000,25,5,214.722966
14,1000,25,6,18.501605
95,5000,20,2,0.214735
95,5000,20,3,14.133097
95,5000,20,4,0.002731
95,5000,20,5,3.235654
95,5000,20,6,0.907775
30,5000,21,2,0.91928
30,5000,21,3,82.783864
30,5000,21,4,0.022267
30,5000,21,5,7.893481
30,5000,21,6,0.690499
36,5000,22,2,0.61774
36,5000,22,3,109.283114
36,5000,22,4,0.0047
36,5000,22,5,18.08965
36,5000,22,6,4.211609
75,5000,23,2,9.750949
75,5000,23,3,197.380009
75,5000,23,4,11.760789
75,5000,23,5,142.659576
75,5000,23,6,23.766534
14,5000,24,2,138.695609
14,5000,24,3,261.677465
14,5000,24,4,0.017338
14,5000,24,5,99.485222
14,5000,24,6,7.243377
10,5000,25,2,24.859613
10,5000,25,3,
10,5000,25,4,0.005568
10,5000,25,5,232.319075
10,5000,25,6,15.857298
51,100,20,2,0.55117
51,100,20,3,7.895983
51,100,20,4,0.004226
51,100,20,5,3.105168
51,100,20,6,0.299128
98,100,21,2,2.652937
98,100,21,3,18.347971
98,100,21,4,0.005619
98,100,21,5,7.374748
98,100,21,6,0.665331
68,100,22,2,0.285818
68,100,22,3,42.631379
68,100,22,4,0.004162
68,100,22,5,17.503314
68,100,22,6,1.488063
87,100,23,2,1.526086
87,100,23,3,98.184353
87,100,23,4,0.004588
87,100,23,5,41.153474
87,100,23,6,3.241563
77,100,24,2,0.747204
77,100,24,3,254.29006
77,100,24,4,0.004579
77,100,24,5,96.542139
77,100,24,6,96.438477
32,100,25,2,2.750546
32,100,25,3,
32,100,25,4,0.106547
32,100,25,5,229.184838
32,100,25,6,40.973474
23,1000,20,2,0.019556
23,1000,20,3,24.806481
23,1000,20,4,0.002398
23,1000,20,5,3.226803
23,1000,20,6,3.056134
99,1000,21,2,4.325366
99,1000,21,3,63.173835
99,1000,21,4,0.010257
99,1000,21,5,7.516045
99,1000,21,6,2.178716
2,1000,22,2,1.289924
2,1000,22,3,103.824803
2,1000,22,4,0.004688
2,1000,22,5,18.180016
2,1000,22,6,1.514178
54,1000,23,2,0.020231
54,1000,23,3,260.606695
54,1000,23,4,0.002993
54,1000,23,5,40.069022
54,1000,23,6,3.290329
69,1000,24,2,20.031514
69,1000,24,3,
69,1000,24,4,0.053596
69,1000,24,5,94.400923
69,1000,24,6,27.441746
88,1000,25,2,7.818274
88,1000,25,3,
88,1000,25,4,1.697138
88,1000,25,5,260.027157
88,1000,25,6,47.191031
40,5000,20,2,1.915303
40,5000,20,3,8.345278
40,5000,20,4,0.004436
40,5000,20,5,3.329396
40,5000,20,6,0.305291
32,5000,21,2,78.190941
32,5000,21,3,24.586161
32,5000,21,4,0.006535
32,5000,21,5,7.879221
32,5000,21,6,0.677523
86,5000,22,2,0.449019
86,5000,22,3,45.26382
86,5000,22,4,0.003992
86,5000,22,5,18.830694
86,5000,22,6,1.502994
11,5000,23,2,0.78897
11,5000,23,3,98.635624
11,5000,23,4,0.004679
11,5000,23,5,41.494831
11,5000,23,6,3.274479
51,5000,24,2,0.554324
51,5000,24,3,
51,5000,24,4,0.252796
51,5000,24,5,101.869827
51,5000,24,6,7.386101
27,5000,25,2,15.553889
27,5000,25,3,
27,5000,25,4,4.677723
27,5000,25,5,217.25956
27,5000,25,6,15.923619
8,100,20,2,1.546932
8,100,20,3,8.385789
8,100,20,4,0.003374
8,100,20,5,3.326984
8,100,20,6,0.307224
11,100,21,2,1.914525
11,100,21,3,20.069091
11,100,21,4,0.005487
11,100,21,5,7.648138
11,100,21,6,0.678197
11,100,22,2,4.470821
11,100,22,3,44.789975
11,100,22,4,0.008966
11,100,22,5,17.76622
11,100,22,6,1.492424
85,100,23,2,0.964289
85,100,23,3,130.641022
85,100,23,4,0.006506
85,100,23,5,42.651712
85,100,23,6,3.293751
60,100,24,2,1.415204
60,100,24,3,
60,100,24,4,0.320643
60,100,24,5,91.377774
60,100,24,6,31.443748
99,100,25,2,0.535282
99,100,25,3,
99,100,25,4,0.172803
99,100,25,5,221.990028
99,100,25,6,16.182798
36,1000,20,2,0.997998
36,1000,20,3,8.901914
36,1000,20,4,0.357359
36,1000,20,5,4.987945
36,1000,20,6,2.871782
15,1000,21,2,0.067552
15,1000,21,3,80.819727
15,1000,21,4,0.003005
15,1000,21,5,7.751095
15,1000,21,6,0.674683
70,1000,22,2,3.39481
70,1000,22,3,123.261566
70,1000,22,4,0.004601
70,1000,22,5,17.495859
70,1000,22,6,8.623624
99,1000,23,2,17.847351
99,1000,23,3,129.403585
99,1000,23,4,0.680075
99,1000,23,5,39.949442
99,1000,23,6,3.189612
97,1000,24,2,3.035031
97,1000,24,3,
97,1000,24,4,0.758197
97,1000,24,5,92.929475
97,1000,24,6,7.267559
10,1000,25,2,9.092761
10,1000,25,3,
10,1000,25,4,1.097593
10,1000,25,5,240.920719
10,1000,25,6,15.963568
68,5000,20,2,0.676871
68,5000,20,3,8.357055
68,5000,20,4,0.003063
68,5000,20,5,3.292506
68,5000,20,6,0.307466
84,5000,21,2,0.097846
84,5000,21,3,19.65984
84,5000,21,4,0.002962
84,5000,21,5,7.761274
84,5000,21,6,0.676801
52,5000,22,2,1.62396
52,5000,22,3,44.645589
52,5000,22,4,0.003632
52,5000,22,5,17.627178
52,5000,22,6,1.509594
65,5000,23,2,1.238095
65,5000,23,3,242.477219
65,5000,23,4,9.691295
65,5000,23,5,52.327965
65,5000,23,6,50.669566
44,5000,24,2,82.722884
44,5000,24,3,
44,5000,24,4,1.146951
44,5000,24,5,93.138397
44,5000,24,6,11.774601
44,5000,25,2,48.802643
44,5000,25,3,
44,5000,25,4,0.019645
44,5000,25,5,213.006511
44,5000,25,6,57.171658
17,100,20,2,1.83198
17,100,20,3,7.688959
17,100,20,4,0.005444
17,100,20,5,2.885307
17,100,20,6,0.298701
58,100,21,2,2.201749
58,100,21,3,17.92397
58,100,21,4,0.003395
58,100,21,5,6.756343
58,100,21,6,0.657987
89,100,22,2,0.358022
89,100,22,3,40.988844
89,100,22,4,0.004
89,100,22,5,17.045114
89,100,22,6,1.455648
14,100,23,2,0.017872
14,100,23,3,90.500782
14,100,23,4,0.004245
14,100,23,5,40.886213
14,100,23,6,3.203862
74,100,24,2,0.058898
74,100,24,3,212.290552
74,100,24,4,0.004176
74,100,24,5,102.060526
74,100,24,6,7.1447
69,100,25,2,0.132492
69,100,25,3,
69,100,25,4,0.194361
69,100,25,5,212.147079
69,100,25,6,
92,1000,20,2,11.326734
92,1000,20,3,13.597109
92,1000,20,4,0.00344
92,1000,20,5,3.38435
92,1000,20,6,0.309983
12,1000,21,2,0.973591
12,1000,21,3,126.55532
12,1000,21,4,0.010001
12,1000,21,5,7.622183
12,1000,21,6,0.687374
9,1000,22,2,16.175342
9,1000,22,3,70.043402
9,1000,22,4,0.004211
9,1000,22,5,18.206482
9,1000,22,6,1.483024
55,1000,23,2,0.127635
55,1000,23,3,214.24561
55,1000,23,4,0.031092
55,1000,23,5,42.81846
55,1000,23,6,6.409581
29,1000,24,2,0.647295
29,1000,24,3,
29,1000,24,4,3.449513
29,1000,24,5,98.888797
29,1000,24,6,7.295528
86,1000,25,2,12.573229
86,1000,25,3,
86,1000,25,4,0.64147
86,1000,25,5,223.68569
86,1000,25,6,15.760071
85,5000,20,2,0.470964
85,5000,20,3,8.367537
85,5000,20,4,0.003964
85,5000,20,5,3.227496
85,5000,20,6,0.35045
29,5000,21,2,20.292827
29,5000,21,3,19.814123
29,5000,21,4,0.467865
29,5000,21,5,7.705389
29,5000,21,6,1.414598
24,5000,22,2,3.453487
24,5000,22,3,90.538106
24,5000,22,4,0.004286
24,5000,22,5,18.669038
24,5000,22,6,1.503176
9,5000,23,2,8.92827
9,5000,23,3,385.458502
9,5000,23,4,0.003888
9,5000,23,5,40.484436
9,5000,23,6,3.29918
69,5000,24,2,95.195143
69,5000,24,3,215.418906
69,5000,24,4,0.004668
69,5000,24,5,99.730526
69,5000,24,6,46.728707
10,5000,25,2,24.912379
10,5000,25,3,
10,5000,25,4,0.005349
10,5000,25,5,226.348856
10,5000,25,6,23.08734
15,100,20,2,0.004542
15,100,20,3,8.156635
15,100,20,4,0.002359
15,100,20,5,3.138553
15,100,20,6,0.304495
51,100,21,2,0.978012
51,100,21,3,20.005247
51,100,21,4,0.010745
51,100,21,5,7.676328
51,100,21,6,0.673847
64,100,22,2,0.604626
64,100,22,3,46.914527
64,100,22,4,0.006288
64,100,22,5,18.042957
64,100,22,6,1.475903
12,100,23,2,5.710742
12,100,23,3,127.940604
12,100,23,4,0.014752
12,100,23,5,42.500311
12,100,23,6,3.287783
87,100,24,2,1.852786
87,100,24,3,
87,100,24,4,1.082571
87,100,24,5,101.310492
87,100,24,6,7.321847
67,100,25,2,5.033122
67,100,25,3,
67,100,25,4,6.003196
67,100,25,5,307.265787
67,100,25,6,19.00472
39,1000,20,2,0.226453
39,1000,20,3,27.61193
39,1000,20,4,0.003622
39,1000,20,5,3.386196
39,1000,20,6,0.308018
88,1000,21,2,247.799155
88,1000,21,3,19.853443
88,1000,21,4,0.009273
88,1000,21,5,8.027155
88,1000,21,6,0.67943
53,1000,22,2,0.027711
53,1000,22,3,83.959953
53,1000,22,4,0.002617
53,1000,22,5,18.366696
53,1000,22,6,1.500799
3,1000,23,2,335.421045
3,1000,23,3,253.454243
3,1000,23,4,0.128658
3,1000,23,5,38.944379
3,1000,23,6,62.026384
31,1000,24,2,36.913905
31,1000,24,3,278.976588
31,1000,24,4,0.006615
31,1000,24,5,97.615584
31,1000,24,6,71.414652
63,1000,25,2,169.829304
63,1000,25,3,
63,1000,25,4,0.006299
63,1000,25,5,230.989725
63,1000,25,6,111.439768
77,5000,20,2,1.188659
77,5000,20,3,8.523442
77,5000,20,4,0.081139
77,5000,20,5,3.376822
77,5000,20,6,0.318654
27,5000,21,2,12.516537
27,5000,21,3,20.160719
27,5000,21,4,0.007485
27,5000,21,5,7.986496
27,5000,21,6,0.690731
66,5000,22,2,42.860751
66,5000,22,3,96.908482
66,5000,22,4,0.004867
66,5000,22,5,18.153636
66,5000,22,6,1.494521
57,5000,23,2,2.390814
57,5000,23,3,160.829311
57,5000,23,4,0.018687
57,5000,23,5,41.201753
57,5000,23,6,3.278769
91,5000,24,2,1.252359
91,5000,24,3,227.900136
91,5000,24,4,0.317087
91,5000,24,5,93.718564
91,5000,24,6,7.280446
64,5000,25,2,8.925546
64,5000,25,3,
64,5000,25,4,0.250833
64,5000,25,5,220.830645
64,5000,25,6,15.611503
55,100,20,2,0.374083
55,100,20,3,8.341839
55,100,20,4,0.003699
55,100,20,5,3.16221
55,100,20,6,0.304322
63,100,21,2,4.564512
63,100,21,3,19.267081
63,100,21,4,0.004356
63,100,21,5,7.452266
63,100,21,6,0.682646
74,100,22,2,0.055525
74,100,22,3,77.279796
74,100,22,4,0.003055
74,100,22,5,18.299904
74,100,22,6,1.488648
16,100,23,2,0.254937
16,100,23,3,193.250422
16,100,23,4,0.004894
16,100,23,5,41.350549
16,100,23,6,80.045874
80,100,24,2,0.754511
80,100,24,3,
80,100,24,4,1.07513
80,100,24,5,87.438057
80,100,24,6,11.977282
82,100,25,2,22.491651
82,100,25,3,
82,100,25,4,0.037797
82,100,25,5,221.765037
82,100,25,6,27.185283
16,1000,20,2,3.656417
16,1000,20,3,8.459185
16,1000,20,4,0.003084
16,1000,20,5,3.266857
16,1000,20,6,0.306358
64,1000,21,2,0.398309
64,1000,21,3,19.910097
64,1000,21,4,0.004107
64,1000,21,5,7.788011
64,1000,21,6,0.690514
30,1000,22,2,0.773183
30,1000,22,3,84.291182
30,1000,22,4,1.02574
30,1000,22,5,17.442559
30,1000,22,6,32.759111
82,1000,23,2,0.690085
82,1000,23,3,194.744163
82,1000,23,4,2.483924
82,1000,23,5,41.59915
82,1000,23,6,3.294143
64,1000,24,2,0.958752
64,1000,24,3,
64,1000,24,4,2.052908
64,1000,24,5,99.504905
64,1000,24,6,7.288279
22,1000,25,2,102.585074
22,1000,25,3,
22,1000,25,4,0.005523
22,1000,25,5,231.145788
22,1000,25,6,50.849669
97,5000,20,2,0.325134
97,5000,20,3,8.37866
97,5000,20,4,0.154905
97,5000,20,5,3.258288
97,5000,20,6,0.306133
96,5000,21,2,20.722829
96,5000,21,3,36.691273
96,5000,21,4,0.201127
96,5000,21,5,9.62896
96,5000,21,6,0.67877
71,5000,22,2,0.459636
71,5000,22,3,67.367759
71,5000,22,4,0.691289
71,5000,22,5,16.976265
71,5000,22,6,6.386698
86,5000,23,2,0.242304
86,5000,23,3,263.111661
86,5000,23,4,0.008583
86,5000,23,5,41.583566
86,5000,23,6,3.385857
11,5000,24,2,1.242282
11,5000,24,3,363.968142
11,5000,24,4,0.005817
11,5000,24,5,100.956495
11,5000,24,6,7.309244
42,5000,25,2,308.343749
42,5000,25,3,
42,5000,25,4,0.016826
42,5000,25,5,236.535791
42,5000,25,6,46.606412
100,100,20,2,0.332069
100,100,20,3,8.385132
100,100,20,4,0.135393
100,100,20,5,3.147144
100,100,20,6,0.79404
65,100,21,2,4.331036
65,100,21,3,46.367062
65,100,21,4,0.004555
65,100,21,5,7.900195
65,100,21,6,0.686806
18,100,22,2,0.032394
18,100,22,3,45.297927
18,100,22,4,0.003506
18,100,22,5,18.124441
18,100,22,6,1.500986
53,100,23,2,0.133919
53,100,23,3,291.334191
53,100,23,4,0.145427
53,100,23,5,39.477449
53,100,23,6,38.526332
79,100,24,2,3.01595
79,100,24,3,
79,100,24,4,0.075278
79,100,24,5,97.41384
79,100,24,6,7.341855
9,100,25,2,2.563024
9,100,25,3,
9,100,25,4,0.305172
9,100,25,5,233.771877
9,100,25,6,76.470256
81,1000,20,2,0.293617
81,1000,20,3,26.86483
81,1000,20,4,0.004893
81,1000,20,5,3.291537
81,1000,20,6,0.325474
61,1000,21,2,15.088416
61,1000,21,3,75.017675
61,1000,21,4,0.004821
61,1000,21,5,8.246288
61,1000,21,6,0.690914
59,1000,22,2,0.052873
59,1000,22,3,46.153494
59,1000,22,4,0.003287
59,1000,22,5,17.83895
59,1000,22,6,1.49146
43,1000,23,2,0.114634
43,1000,23,3,229.623597
43,1000,23,4,2.199832
43,1000,23,5,41.143187
43,1000,23,6,3.324833
16,1000,24,2,3.687105
16,1000,24,3,377.571774
16,1000,24,4,0.004478
16,1000,24,5,102.659629
16,1000,24,6,7.282143
60,1000,25,2,349.457224
60,1000,25,3,
60,1000,25,4,0.010976
60,1000,25,5,214.867563
60,1000,25,6,71.714512
47,5000,20,2,0.159118
47,5000,20,3,8.631421
47,5000,20,4,0.003244
47,5000,20,5,3.37578
47,5000,20,6,0.333966
75,5000,21,2,7.250536
75,5000,21,3,19.497905
75,5000,21,4,0.005035
75,5000,21,5,7.977414
75,5000,21,6,0.704701
76,5000,22,2,
76,5000,22,3,95.399351
76,5000,22,4,0.005812
76,5000,22,5,18.028491
76,5000,22,6,8.01777
90,5000,23,2,15.064429
90,5000,23,3,401.876607
90,5000,23,4,0.005474
90,5000,23,5,41.29619
90,5000,23,6,35.838931
23,5000,24,2,15.729353
23,5000,24,3,
23,5000,24,4,0.831084
23,5000,24,5,89.737197
23,5000,24,6,31.187422
38,5000,25,2,1.319092
38,5000,25,3,
38,5000,25,4,0.339901
38,5000,25,5,223.893502
38,5000,25,6,15.769127
75,100,20,2,27.033332
75,100,20,3,8.227739
75,100,20,4,0.005538
75,100,20,5,3.338867
75,100,20,6,0.305303
52,100,21,2,0.033832
52,100,21,3,19.629026
52,100,21,4,0.003503
52,100,21,5,7.50167
52,100,21,6,1.282308
11,100,22,2,6.756272
11,100,22,3,132.785481
11,100,22,4,0.009041
11,100,22,5,17.750055
11,100,22,6,1.503025
44,100,23,2,0.218463
44,100,23,3,398.562138
44,100,23,4,0.072743
44,100,23,5,44.729295
44,100,23,6,3.325163
96,100,24,2,8.71706
96,100,24,3,
96,100,24,4,0.966117
96,100,24,5,93.707467
96,100,24,6,7.058459
57,100,25,2,2.850246
57,100,25,3,
57,100,25,4,0.005321
57,100,25,5,231.63668
57,100,25,6,15.948327
82,1000,20,2,0.077949
82,1000,20,3,66.751371
82,1000,20,4,0.538094
82,1000,20,5,3.386259
82,1000,20,6,0.308714
8,1000,21,2,0.359564
8,1000,21,3,20.494471
8,1000,21,4,0.002997
8,1000,21,5,7.916815
8,1000,21,6,0.681208
65,1000,22,2,0.248317
65,1000,22,3,45.998384
65,1000,22,4,0.003866
65,1000,22,5,18.533704
65,1000,22,6,1.531423
34,1000,23,2,0.591211
34,1000,23,3,241.681767
34,1000,23,4,0.322474
34,1000,23,5,42.319805
34,1000,23,6,3.412573
17,1000,24,2,
17,1000,24,3,
17,1000,24,4,0.091597
17,1000,24,5,93.817636
17,1000,24,6,
91,1000,25,2,11.726711
91,1000,25,3,
91,1000,25,4,0.278067
91,1000,25,5,236.292787
91,1000,25,6,15.920856
5,5000,20,2,2.513508
5,5000,20,3,11.853458
5,5000,20,4,0.003216
5,5000,20,5,3.170994
5,5000,20,6,0.302374
18,5000,21,2,21.338965
18,5000,21,3,18.950861
18,5000,21,4,0.006847
18,5000,21,5,7.319961
18,5000,21,6,0.673674
4,5000,22,2,2.495937
4,5000,22,3,44.042798
4,5000,22,4,0.005701
4,5000,22,5,17.359616
4,5000,22,6,1.4748
99,5000,23,2,67.539579
99,5000,23,3,193.313015
99,5000,23,4,0.004176
99,5000,23,5,39.462667
99,5000,23,6,7.873987
71,5000,24,2,0.258165
71,5000,24,3,
71,5000,24,4,0.004113
71,5000,24,5,99.101218
71,5000,24,6,7.152667
83,5000,25,2,6.833897
83,5000,25,3,
83,5000,25,4,0.506152
83,5000,25,5,226.734738
83,5000,25,6,15.808809
88,100,20,2,0.295852
88,100,20,3,8.379968
88,100,20,4,0.003843
88,100,20,5,3.753569
88,100,20,6,0.30962
85,100,21,2,0.231403
85,100,21,3,20.512882
85,100,21,4,0.005932
85,100,21,5,7.148657
85,100,21,6,0.662133
77,100,22,2,0.457956
77,100,22,3,43.309374
77,100,22,4,0.004017
77,100,22,5,17.1314
77,100,22,6,1.483958
87,100,23,2,1.530685
87,100,23,3,96.120668
87,100,23,4,0.004384
87,100,23,5,41.015512
87,100,23,6,3.240695
66,100,24,2,0.289368
66,100,24,3,207.895757
66,100,24,4,0.571124
66,100,24,5,97.241216
66,100,24,6,7.219506
32,100,25,2,2.743304
32,100,25,3,
32,100,25,4,0.775228
32,100,25,5,224.248324
32,100,25,6,16.090322
71,1000,20,2,7.883774
71,1000,20,3,8.69369
71,1000,20,4,0.003699
71,1000,20,5,3.425683
71,1000,20,6,0.309507
46,1000,21,2,0.167243
46,1000,21,3,20.124227
46,1000,21,4,0.031989
46,1000,21,5,7.543014
46,1000,21,6,1.428242
83,1000,22,2,1.986306
83,1000,22,3,198.684041
83,1000,22,4,0.160106
83,1000,22,5,16.526444
83,1000,22,6,41.172556
35,1000,23,2,17.242724
35,1000,23,3,330.464897
35,1000,23,4,19.607771
35,1000,23,5,50.458812
35,1000,23,6,5.09123
11,1000,24,2,12.894549
11,1000,24,3,
11,1000,24,4,0.004609
11,1000,24,5,92.696357
11,1000,24,6,7.479304
46,1000,25,2,14.698599
46,1000,25,3,
46,1000,25,4,0.033877
46,1000,25,5,249.538033
46,1000,25,6,18.108034
42,5000,20,2,22.601949
42,5000,20,3,77.418289
42,5000,20,4,0.004287
42,5000,20,5,3.269738
42,5000,20,6,0.302672
5,5000,21,2,4.929639
5,5000,21,3,70.598351
5,5000,21,4,5.531458
5,5000,21,5,15.360369
5,5000,21,6,7.046431
76,5000,22,2,
76,5000,22,3,98.520804
76,5000,22,4,0.005705
76,5000,22,5,17.69325
76,5000,22,6,1.495174
57,5000,23,2,2.459029
57,5000,23,3,291.15927
57,5000,23,4,0.004359
57,5000,23,5,42.598381
57,5000,23,6,3.284416
90,5000,24,2,4.027092
90,5000,24,3,407.075477
90,5000,24,4,0.004013
90,5000,24,5,100.260193
90,5000,24,6,7.130655
34,5000,25,2,12.071871
34,5000,25,3,
34,5000,25,4,1.017423
34,5000,25,5,244.13659
34,5000,25,6,53.972615
74,100,20,2,0.001329
74,100,20,3,7.961293
74,100,20,4,0.002296
74,100,20,5,3.034929
74,100,20,6,0.30304
51,100,21,2,0.975367
51,100,21,3,18.653335
51,100,21,4,0.01063
51,100,21,5,6.928072
51,100,21,6,0.666645
20,100,22,2,1.057007
20,100,22,3,43.667006
20,100,22,4,0.006127
20,100,22,5,18.076728
20,100,22,6,1.479756
8,100,23,2,32.011493
8,100,23,3,97.545065
8,100,23,4,0.00718
8,100,23,5,42.142225
8,100,23,6,3.26784
33,100,24,2,0.341005
33,100,24,3,202.144828
33,100,24,4,0.004428
33,100,24,5,94.073785
33,100,24,6,7.200223
65,100,25,2,58.842317
65,100,25,3,
65,100,25,4,0.863157
65,100,25,5,226.59717
65,100,25,6,82.227474
88,1000,20,2,59.903393
88,1000,20,3,72.426237
88,1000,20,4,10.516951
88,1000,20,5,22.128878
88,1000,20,6,0.304903
43,1000,21,2,0.052395
43,1000,21,3,23.975715
43,1000,21,4,0.002939
43,1000,21,5,8.018668
43,1000,21,6,0.682516
41,1000,22,2,0.432889
41,1000,22,3,54.275811
41,1000,22,4,0.004334
41,1000,22,5,18.827588
41,1000,22,6,1.50881
91,1000,23,2,4.539291
91,1000,23,3,329.3045
91,1000,23,4,0.121264
91,1000,23,5,39.512455
91,1000,23,6,14.368796
89,1000,24,2,388.437025
89,1000,24,3,
89,1000,24,4,0.617252
89,1000,24,5,95.167655
89,1000,24,6,25.01442
28,1000,25,2,28.687583
28,1000,25,3,
28,1000,25,4,1.374791
28,1000,25,5,224.96681
28,1000,25,6,26.737907
76,5000,20,2,
76,5000,20,3,63.779236
76,5000,20,4,0.02795
76,5000,20,5,3.201682
76,5000,20,6,0.305834
68,5000,21,2,0.680047
68,5000,21,3,185.155834
68,5000,21,4,9.625604
68,5000,21,5,7.31232
68,5000,21,6,0.677863
47,5000,22,2,0.37184
47,5000,22,3,51.220652
47,5000,22,4,0.00457
47,5000,22,5,17.464748
47,5000,22,6,6.360972
68,5000,23,2,0.801627
68,5000,23,3,210.500197
68,5000,23,4,1.706218
68,5000,23,5,39.305797
68,5000,23,6,3.299905
67,5000,24,2,3.534468
67,5000,24,3,443.717013
67,5000,24,4,0.010195
67,5000,24,5,95.648558
67,5000,24,6,13.753857
94,5000,25,2,4.314383
94,5000,25,3,
94,5000,25,4,0.209041
94,5000,25,5,223.533746
94,5000,25,6,
82,100,20,2,0.430506
82,100,20,3,67.217088
82,100,20,4,13.30005
82,100,20,5,18.13363
82,100,20,6,0.306512
92,100,21,2,0.203177
92,100,21,3,86.113309
92,100,21,4,0.019454
92,100,21,5,7.299445
92,100,21,6,16.469961
4,100,22,2,64.894274
4,100,22,3,118.568347
4,100,22,4,0.027242
4,100,22,5,19.08796
4,100,22,6,1.509391
88,100,23,2,0.456291
88,100,23,3,130.603829
88,100,23,4,7.217657
88,100,23,5,38.592137
88,100,23,6,17.842361
13,100,24,2,52.186825
13,100,24,3,
13,100,24,4,0.010505
13,100,24,5,101.506017
13,100,24,6,14.702809
55,100,25,2,3.764435
55,100,25,3,
55,100,25,4,0.006118
55,100,25,5,225.951689
55,100,25,6,25.538732
87,1000,20,2,0.359258
87,1000,20,3,8.203643
87,1000,20,4,0.129333
87,1000,20,5,3.40894
87,1000,20,6,0.309145
81,1000,21,2,0.063543
81,1000,21,3,24.651939
81,1000,21,4,0.003284
81,1000,21,5,7.957059
81,1000,21,6,0.678533
13,1000,22,2,0.157024
13,1000,22,3,141.920654
13,1000,22,4,0.005228
13,1000,22,5,17.843442
13,1000,22,6,1.492929
42,1000,23,2,0.157812
42,1000,23,3,161.380256
42,1000,23,4,0.00384
42,1000,23,5,41.032765
42,1000,23,6,3.282135
61,1000,24,2,17.681123
61,1000,24,3,
61,1000,24,4,7.336004
61,1000,24,5,89.55529
61,1000,24,6,17.924219
24,1000,25,2,0.71208
24,1000,25,3,
24,1000,25,4,1.532208
24,1000,25,5,224.750712
24,1000,25,6,26.027939
8,5000,20,2,5.358053
8,5000,20,3,48.369121
8,5000,20,4,0.146411
8,5000,20,5,3.221232
8,5000,20,6,2.17907
84,5000,21,2,0.098006
84,5000,21,3,69.58606
84,5000,21,4,0.002974
84,5000,21,5,7.959453
84,5000,21,6,0.686996
91,5000,22,2,1.661694
91,5000,22,3,45.219764
91,5000,22,4,0.247054
91,5000,22,5,18.005966
91,5000,22,6,1.492093
31,5000,23,2,2.067545
31,5000,23,3,151.850787
31,5000,23,4,0.004316
31,5000,23,5,40.089313
31,5000,23,6,3.831685
70,5000,24,2,35.285275
70,5000,24,3,240.776664
70,5000,24,4,0.006346
70,5000,24,5,93.676692
70,5000,24,6,7.217606
34,5000,25,2,37.915094
34,5000,25,3,
34,5000,25,4,1.152581
34,5000,25,5,221.77958
34,5000,25,6,23.278531
98,100,20,2,1.060011
98,100,20,3,8.511918
98,100,20,4,0.006019
98,100,20,5,3.514735
98,100,20,6,0.303467
62,100,21,2,2.829327
62,100,21,3,18.371129
62,100,21,4,0.004019
62,100,21,5,6.723834
62,100,21,6,0.657491
52,100,22,2,0.03217
52,100,22,3,44.005818
52,100,22,4,0.003484
52,100,22,5,17.841425
52,100,22,6,1.502638
4,100,23,2,4.810153
4,100,23,3,129.192404
4,100,23,4,0.00828
4,100,23,5,40.65248
4,100,23,6,3.30709
73,100,24,2,4.373853
73,100,24,3,
73,100,24,4,0.038667
73,100,24,5,104.358772
73,100,24,6,7.278331
30,100,25,2,34.399928
30,100,25,3,
30,100,25,4,7.13277
30,100,25,5,230.995046
30,100,25,6,26.25289
50,1000,20,2,0.044225
50,1000,20,3,11.379299
50,1000,20,4,0.347631
50,1000,20,5,3.130274
50,1000,20,6,0.30075
52,1000,21,2,1.515082
52,1000,21,3,90.498841
52,1000,21,4,3.496535
52,1000,21,5,7.642807
52,1000,21,6,0.674219
82,1000,22,2,0.156961
82,1000,22,3,108.543388
82,1000,22,4,0.023213
82,1000,22,5,18.077963
82,1000,22,6,1.532881
56,1000,23,2,5.593463
56,1000,23,3,277.221044
56,1000,23,4,0.01672
56,1000,23,5,42.755806
56,1000,23,6,3.338603
48,1000,24,2,454.288365
48,1000,24,3,290.327894
48,1000,24,4,0.04978
48,1000,24,5,98.062007
48,1000,24,6,44.903804
50,1000,25,2,0.720859
50,1000,25,3,
50,1000,25,4,0.003984
50,1000,25,5,232.742351
50,1000,25,6,23.70814
71,5000,20,2,0.400334
71,5000,20,3,8.598357
71,5000,20,4,0.002938
71,5000,20,5,3.384487
71,5000,20,6,0.312386
100,5000,21,2,
100,5000,21,3,23.485312
100,5000,21,4,0.301895
100,5000,21,5,7.448298
100,5000,21,6,1.307039
90,5000,22,2,10.08928
90,5000,22,3,58.264919
90,5000,22,4,0.005589
90,5000,22,5,17.769317
90,5000,22,6,1.500058
76,5000,23,2,
76,5000,23,3,327.224676
76,5000,23,4,0.006826
76,5000,23,5,39.788735
76,5000,23,6,23.244448
47,5000,24,2,0.363201
47,5000,24,3,
47,5000,24,4,0.193009
47,5000,24,5,89.014144
47,5000,24,6,7.036533
93,5000,25,2,0.184765
93,5000,25,3,
93,5000,25,4,0.292754
93,5000,25,5,394.988892
93,5000,25,6,60.417008
39,100,20,2,0.185719
39,100,20,3,8.120347
39,100,20,4,0.003353
39,100,20,5,3.028768
39,100,20,6,0.298665
20,100,21,2,0.693895
20,100,21,3,18.970445
20,100,21,4,0.005528
20,100,21,5,7.430564
20,100,21,6,0.669129
66,100,22,2,0.02446
66,100,22,3,43.171097
66,100,22,4,0.003154
66,100,22,5,17.20458
66,100,22,6,1.475564
98,100,23,2,5.150051
98,100,23,3,96.465127
98,100,23,4,0.00716
98,100,23,5,40.257371
98,100,23,6,3.23149
59,100,24,2,
59,100,24,3,510.827422
59,100,24,4,0.007059
59,100,24,5,97.883954
59,100,24,6,
27,100,25,2,35.944425
27,100,25,3,
27,100,25,4,0.141709
27,100,25,5,225.531378
27,100,25,6,55.337385
64,1000,20,2,0.157211
64,1000,20,3,8.339098
64,1000,20,4,0.003126
64,1000,20,5,3.141271
64,1000,20,6,0.618803
66,1000,21,2,27.753453
66,1000,21,3,53.232831
66,1000,21,4,0.004224
66,1000,21,5,7.919223
66,1000,21,6,0.680894
61,1000,22,2,19.750757
61,1000,22,3,83.492724
61,1000,22,4,0.006207
61,1000,22,5,17.765168
61,1000,22,6,1.48626
52,1000,23,2,14.506271
52,1000,23,3,229.011607
52,1000,23,4,0.004491
52,1000,23,5,42.576437
52,1000,23,6,3.304144
86,1000,24,2,7.431682
86,1000,24,3,
86,1000,24,4,1.125586
86,1000,24,5,94.078575
86,1000,24,6,7.248566
50,1000,25,2,0.101965
50,1000,25,3,
50,1000,25,4,0.584437
50,1000,25,5,217.123981
50,1000,25,6,111.733185
19,5000,20,2,0.302062
19,5000,20,3,32.117904
19,5000,20,4,0.142485
19,5000,20,5,3.083736
19,5000,20,6,3.065914
60,5000,21,2,1.554394
60,5000,21,3,19.907709
60,5000,21,4,0.168501
60,5000,21,5,7.63446
60,5000,21,6,0.687431
56,5000,22,2,13.309446
56,5000,22,3,106.84723
56,5000,22,4,0.007677
56,5000,22,5,18.127473
56,5000,22,6,15.692985
84,5000,23,2,0.119882
84,5000,23,3,203.045151
84,5000,23,4,0.271578
84,5000,23,5,40.907844
84,5000,23,6,10.746262
17,5000,24,2,0.777213
17,5000,24,3,439.821723
17,5000,24,4,0.004297
17,5000,24,5,98.599285
17,5000,24,6,25.700213
29,5000,25,2,118.709131
29,5000,25,3,
29,5000,25,4,0.367684
29,5000,25,5,214.338937
29,5000,25,6,139.402561
32,100,20,2,1.668639
32,100,20,3,8.544191
32,100,20,4,0.005624
32,100,20,5,3.30167
32,100,20,6,0.306356
6,100,21,2,0.294605
6,100,21,3,19.895007
6,100,21,4,0.003642
6,100,21,5,7.768603
6,100,21,6,0.677894
87,100,22,2,15.808985
87,100,22,3,96.0029
87,100,22,4,0.018542
87,100,22,5,17.379536
87,100,22,6,6.108254
54,100,23,2,8.67377
54,100,23,3,268.153621
54,100,23,4,4.594474
54,100,23,5,37.960924
54,100,23,6,7.304164
21,100,24,2,3.122498
21,100,24,3,
21,100,24,4,0.027349
21,100,24,5,96.910534
21,100,24,6,7.220887
54,100,25,2,30.843433
54,100,25,3,
54,100,25,4,1.32013
54,100,25,5,227.804593
54,100,25,6,34.522242
70,1000,20,2,2.062506
70,1000,20,3,12.028654
70,1000,20,4,0.004268
70,1000,20,5,3.034644
70,1000,20,6,0.876565
97,1000,21,2,0.220888
97,1000,21,3,71.084916
97,1000,21,4,0.00327
97,1000,21,5,8.026823
97,1000,21,6,0.681075
31,1000,22,2,27.790796
31,1000,22,3,46.432286
31,1000,22,4,0.005455
31,1000,22,5,18.311698
31,1000,22,6,4.157149
100,1000,23,2,1.213164
100,1000,23,3,244.24152
100,1000,23,4,0.037595
100,1000,23,5,40.630633
100,1000,23,6,11.879684
88,1000,24,2,
88,1000,24,3,
88,1000,24,4,2.647975
88,1000,24,5,95.982893
88,1000,24,6,9.432414
6,1000,25,2,9.135719
6,1000,25,3,
6,1000,25,4,0.169843
6,1000,25,5,238.135635
6,1000,25,6,15.808384
50,5000,20,2,19.520287
50,5000,20,3,8.411592
50,5000,20,4,0.002795
50,5000,20,5,3.249836
50,5000,20,6,0.317105
75,5000,21,2,7.453754
75,5000,21,3,22.134542
75,5000,21,4,0.003951
75,5000,21,5,8.087077
75,5000,21,6,0.683038
16,5000,22,2,24.119777
16,5000,22,3,44.950697
16,5000,22,4,0.009637
16,5000,22,5,18.246214
16,5000,22,6,1.505753
97,5000,23,2,13.339599
97,5000,23,3,167.750005
97,5000,23,4,0.01917
97,5000,23,5,39.748113
97,5000,23,6,3.26659
70,5000,24,2,36.753846
70,5000,24,3,
70,5000,24,4,0.006429
70,5000,24,5,95.572215
70,5000,24,6,12.649898
72,5000,25,2,65.417514
72,5000,25,3,
72,5000,25,4,0.018133
72,5000,25,5,218.173448
72,5000,25,6,15.813327
54,100,20,2,0.164052
54,100,20,3,8.196792
54,100,20,4,0.007443
54,100,20,5,3.493201
54,100,20,6,0.299827
39,100,21,2,0.291788
39,100,21,3,19.488792
39,100,21,4,0.00414
39,100,21,5,8.224459
39,100,21,6,0.675092
81,100,22,2,4.42491
81,100,22,3,44.436866
81,100,22,4,0.00765
81,100,22,5,19.568728
81,100,22,6,1.491419
18,100,23,2,0.180716
18,100,23,3,96.04384
18,100,23,4,0.003705
18,100,23,5,41.22173
18,100,23,6,3.253949
35,100,24,2,1.132685
35,100,24,3,202.271418
35,100,24,4,0.006177
35,100,24,5,90.744524
35,100,24,6,7.154964
42,100,25,2,19.337865
42,100,25,3,
42,100,25,4,0.246707
42,100,25,5,233.696881
42,100,25,6,16.205007
100,1000,20,2,0.094795
100,1000,20,3,8.539569
100,1000,20,4,0.003661
100,1000,20,5,3.385157
100,1000,20,6,0.308457
65,1000,21,2,0.203876
65,1000,21,3,110.80205
65,1000,21,4,0.695956
65,1000,21,5,7.925174
65,1000,21,6,0.667897
36,1000,22,2,12.347975
36,1000,22,3,238.204706
36,1000,22,4,0.005884
36,1000,22,5,18.405734
36,1000,22,6,1.523092
54,1000,23,2,0.031368
54,1000,23,3,111.607457
54,1000,23,4,0.002784
54,1000,23,5,40.711739
54,1000,23,6,46.857928
74,1000,24,2,16.551489
74,1000,24,3,
74,1000,24,4,0.059384
74,1000,24,5,98.140528
74,1000,24,6,7.29032
37,1000,25,2,1.629615
37,1000,25,3,
37,1000,25,4,0.202837
37,1000,25,5,399.555008
37,1000,25,6,29.84989
91,5000,20,2,0.321926
91,5000,20,3,8.532258
91,5000,20,4,0.003524
91,5000,20,5,3.255898
91,5000,20,6,3.348537
71,5000,21,2,1.317317
71,5000,21,3,91.974727
71,5000,21,4,0.003266
71,5000,21,5,7.606227
71,5000,21,6,0.691425
99,5000,22,2,57.162003
99,5000,22,3,68.960161
99,5000,22,4,0.004765
99,5000,22,5,18.216379
99,5000,22,6,1.517087
91,5000,23,2,2.166584
91,5000,23,3,97.980969
91,5000,23,4,0.005591
91,5000,23,5,41.80584
91,5000,23,6,3.296443
38,5000,24,2,1.572218
38,5000,24,3,
38,5000,24,4,0.294688
38,5000,24,5,93.507204
38,5000,24,6,13.425972
17,5000,25,2,1.307039
17,5000,25,3,
17,5000,25,4,0.433217
17,5000,25,5,230.755723
17,5000,25,6,61.472281
54,100,20,2,0.164158
54,100,20,3,7.892432
54,100,20,4,0.007237
54,100,20,5,3.090937
54,100,20,6,0.297746
21,100,21,2,0.759444
21,100,21,3,19.57045
21,100,21,4,0.010962
21,100,21,5,8.184606
21,100,21,6,0.675209
54,100,22,2,3.816258
54,100,22,3,47.04618
54,100,22,4,0.006162
54,100,22,5,16.611879
54,100,22,6,1.466546
67,100,23,2,1.424068
67,100,23,3,129.097457
67,100,23,4,0.006468
67,100,23,5,42.299428
67,100,23,6,3.309253
12,100,24,2,5.593636
12,100,24,3,
12,100,24,4,0.014766
12,100,24,5,104.316088
12,100,24,6,7.272229
69,100,25,2,0.132799
69,100,25,3,
69,100,25,4,11.207244
69,100,25,5,249.9084
69,100,25,6,18.873182
42,1000,20,2,0.0066
42,1000,20,3,14.862746
42,1000,20,4,0.390304
42,1000,20,5,3.209239
42,1000,20,6,0.305388
91,1000,21,2,0.32396
91,1000,21,3,104.676472
91,1000,21,4,5.795098
91,1000,21,5,7.543666
91,1000,21,6,0.681522
57,1000,22,2,0.733164
57,1000,22,3,110.120277
57,1000,22,4,0.005799
57,1000,22,5,18.494681
57,1000,22,6,1.491474
72,1000,23,2,0.349472
72,1000,23,3,276.279672
72,1000,23,4,0.00469
72,1000,23,5,41.702546
72,1000,23,6,3.314797
21,1000,24,2,22.5495
21,1000,24,3,
21,1000,24,4,0.00592
21,1000,24,5,103.215897
21,1000,24,6,7.198772
8,1000,25,2,0.774681
8,1000,25,3,
8,1000,25,4,4.838979
8,1000,25,5,241.233469
8,1000,25,6,17.954387
38,5000,20,2,0.259343
38,5000,20,3,41.954716
38,5000,20,4,1.676758
38,5000,20,5,3.227933
38,5000,20,6,0.30324
24,5000,21,2,45.053299
24,5000,21,3,41.289038
24,5000,21,4,0.305022
24,5000,21,5,11.845035
24,5000,21,6,0.677963
11,5000,22,2,0.488984
11,5000,22,3,76.733423
11,5000,22,4,0.004676
11,5000,22,5,17.81032
11,5000,22,6,4.052669
54,5000,23,2,15.356393
54,5000,23,3,241.136115
54,5000,23,4,0.003998
54,5000,23,5,41.33991
54,5000,23,6,3.292536
12,5000,24,2,1.117577
12,5000,24,3,345.470012
12,5000,24,4,2.361019
12,5000,24,5,98.963069
12,5000,24,6,7.298145
57,5000,25,2,11.587852
57,5000,25,3,
57,5000,25,4,0.656351
57,5000,25,5,209.21602
57,5000,25,6,16.050374
57,100,20,2,0.090494
57,100,20,3,8.39633
57,100,20,4,0.002938
57,100,20,5,3.482084
57,100,20,6,0.306918
16,100,21,2,0.467844
16,100,21,3,19.706879
16,100,21,4,0.004372
16,100,21,5,7.717279
16,100,21,6,1.292707
12,100,22,2,1.369228
12,100,22,3,135.432537
12,100,22,4,0.012818
12,100,22,5,18.483142
12,100,22,6,1.508028
52,100,23,2,0.981663
52,100,23,3,411.117688
52,100,23,4,0.004037
52,100,23,5,43.800282
52,100,23,6,8.819905
43,100,24,2,254.254882
43,100,24,3,
43,100,24,4,0.015233
43,100,24,5,100.639904
43,100,24,6,40.49834
61,100,25,2,0.199945
61,100,25,3,
61,100,25,4,0.005176
61,100,25,5,223.032594
61,100,25,6,22.764276
15,1000,20,2,0.06866
15,1000,20,3,8.519821
15,1000,20,4,0.002971
15,1000,20,5,3.358724
15,1000,20,6,0.312895
46,1000,21,2,0.167512
46,1000,21,3,37.767602
46,1000,21,4,0.006395
46,1000,21,5,7.788209
46,1000,21,6,0.681695
34,1000,22,2,0.690054
34,1000,22,3,161.218651
34,1000,22,4,0.019838
34,1000,22,5,17.878409
34,1000,22,6,1.491546
69,1000,23,2,28.027518
69,1000,23,3,114.48183
69,1000,23,4,0.006567
69,1000,23,5,42.632652
69,1000,23,6,3.294497
65,1000,24,2,2.556605
65,1000,24,3,
65,1000,24,4,41.021517
65,1000,24,5,119.718241
65,1000,24,6,43.036577
31,1000,25,2,37.327065
31,1000,25,3,
31,1000,25,4,0.615078
31,1000,25,5,231.031993
31,1000,25,6,15.931658
94,5000,20,2,7.328272
94,5000,20,3,8.224096
94,5000,20,4,0.003798
94,5000,20,5,3.135589
94,5000,20,6,0.506656
28,5000,21,2,71.888381
28,5000,21,3,43.37016
28,5000,21,4,0.005953
28,5000,21,5,7.738614
28,5000,21,6,0.672868
7,5000,22,2,44.857055
7,5000,22,3,48.041357
7,5000,22,4,0.005442
7,5000,22,5,17.642569
7,5000,22,6,1.487713
54,5000,23,2,9.974495
54,5000,23,3,97.311395
54,5000,23,4,0.004101
54,5000,23,5,39.319396
54,5000,23,6,9.781639
93,5000,24,2,0.333298
93,5000,24,3,
93,5000,24,4,0.922795
93,5000,24,5,96.70121
93,5000,24,6,39.497432
90,5000,25,2,50.269931
90,5000,25,3,
90,5000,25,4,0.664602
90,5000,25,5,208.746021
90,5000,25,6,37.38048
87,100,20,2,4.999283
87,100,20,3,7.755664
87,100,20,4,0.004603
87,100,20,5,2.917135
87,100,20,6,0.29892
39,100,21,2,0.291181
39,100,21,3,17.658496
39,100,21,4,0.003891
39,100,21,5,6.629664
39,100,21,6,0.65319
23,100,22,2,117.598742
23,100,22,3,43.43908
23,100,22,4,0.008243
23,100,22,5,17.311802
23,100,22,6,1.475721
61,100,23,2,0.200798
61,100,23,3,129.315447
61,100,23,4,0.00401
61,100,23,5,40.604943
61,100,23,6,22.051777
16,100,24,2,1.125448
16,100,24,3,
16,100,24,4,0.424821
16,100,24,5,100.879472
16,100,24,6,21.508275
18,100,25,2,0.858615
18,100,25,3,
18,100,25,4,1.509458
18,100,25,5,250.701461
18,100,25,6,15.611887
90,1000,20,2,3.007732
90,1000,20,3,44.801151
90,1000,20,4,1.078359
90,1000,20,5,3.303976
90,1000,20,6,0.305251
45,1000,21,2,0.563041
45,1000,21,3,75.006783
45,1000,21,4,0.003563
45,1000,21,5,7.311337
45,1000,21,6,0.842059
57,1000,22,2,0.7305
57,1000,22,3,45.728349
57,1000,22,4,0.005847
57,1000,22,5,17.925258
57,1000,22,6,6.585597
21,1000,23,2,7.468211
21,1000,23,3,253.753053
21,1000,23,4,0.005541
21,1000,23,5,41.797962
21,1000,23,6,3.304344
54,1000,24,2,0.052637
54,1000,24,3,
54,1000,24,4,1.935427
54,1000,24,5,100.913854
54,1000,24,6,7.252777
88,1000,25,2,7.65775
88,1000,25,3,
88,1000,25,4,7.824836
88,1000,25,5,208.630657
88,1000,25,6,16.03954
20,5000,20,2,0.666363
20,5000,20,3,13.362047
20,5000,20,4,0.887666
20,5000,20,5,3.431846
20,5000,20,6,0.307776
59,5000,21,2,184.707745
59,5000,21,3,26.911948
59,5000,21,4,0.973148
59,5000,21,5,7.406421
59,5000,21,6,8.182517
81,5000,22,2,14.775594
81,5000,22,3,98.072638
81,5000,22,4,0.673263
81,5000,22,5,18.790638
81,5000,22,6,1.522473
30,5000,23,2,8.011771
30,5000,23,3,295.307169
30,5000,23,4,0.011452
30,5000,23,5,41.659478
30,5000,23,6,3.31993
73,5000,24,2,0.110032
73,5000,24,3,
73,5000,24,4,0.706192
73,5000,24,5,100.913432
73,5000,24,6,7.28721
90,5000,25,2,28.293918
90,5000,25,3,
90,5000,25,4,0.806154
90,5000,25,5,210.197261
90,5000,25,6,84.536284
76,100,20,2,0.326332
76,100,20,3,8.164027
76,100,20,4,0.005392
76,100,20,5,3.049335
76,100,20,6,0.300982
62,100,21,2,2.840566
62,100,21,3,19.116382
62,100,21,4,0.00394
62,100,21,5,7.310249
62,100,21,6,0.66503
30,100,22,2,5.660338
30,100,22,3,43.681036
30,100,22,4,0.004282
30,100,22,5,17.7439
30,100,22,6,1.495889
5,100,23,2,3.427115
5,100,23,3,96.909425
5,100,23,4,0.005944
5,100,23,5,39.492632
5,100,23,6,3.215006
78,100,24,2,0.108894
78,100,24,3,212.756104
78,100,24,4,0.003543
78,100,24,5,96.233737
78,100,24,6,31.343268
88,100,25,2,0.632864
88,100,25,3,
88,100,25,4,25.778329
88,100,25,5,206.738495
88,100,25,6,
98,1000,20,2,20.573828
98,1000,20,3,8.517345
98,1000,20,4,0.016344
98,1000,20,5,3.373811
98,1000,20,6,2.04876
51,1000,21,2,1.142014
51,1000,21,3,20.186556
51,1000,21,4,0.004515
51,1000,21,5,8.374749
51,1000,21,6,0.683126
23,1000,22,2,0.093681
23,1000,22,3,54.167239
23,1000,22,4,0.003252
23,1000,22,5,18.646787
23,1000,22,6,1.50929
28,1000,23,2,29.590481
28,1000,23,3,374.566707
28,1000,23,4,0.02357
28,1000,23,5,41.777299
28,1000,23,6,39.870719
9,1000,24,2,10.02235
9,1000,24,3,
9,1000,24,4,0.004688
9,1000,24,5,99.616563
9,1000,24,6,9.369716
85,1000,25,2,9.442308
85,1000,25,3,
85,1000,25,4,1.157407
85,1000,25,5,226.765769
85,1000,25,6,84.966272
57,5000,20,2,0.117252
57,5000,20,3,19.363871
57,5000,20,4,0.002642
57,5000,20,5,3.32046
57,5000,20,6,0.360311
8,5000,21,2,5.077775
8,5000,21,3,60.494214
8,5000,21,4,0.003867
8,5000,21,5,7.775101
8,5000,21,6,0.683643
3,5000,22,2,3.470292
3,5000,22,3,72.019793
3,5000,22,4,0.004325
3,5000,22,5,18.541284
3,5000,22,6,1.499723
5,5000,23,2,42.218487
5,5000,23,3,100.045818
5,5000,23,4,0.010341
5,5000,23,5,41.916724
5,5000,23,6,3.284477
7,5000,24,2,519.839838
7,5000,24,3,
7,5000,24,4,0.907799
7,5000,24,5,94.240241
7,5000,24,6,7.338139
49,5000,25,2,11.632975
49,5000,25,3,
49,5000,25,4,0.286742
49,5000,25,5,232.487469
49,5000,25,6,16.017082
64,100,20,2,0.280896
64,100,20,3,7.622452
64,100,20,4,0.005383
64,100,20,5,2.875944
64,100,20,6,0.296542
87,100,21,2,17.589892
87,100,21,3,17.894171
87,100,21,4,0.008361
87,100,21,5,7.405621
87,100,21,6,0.654039
77,100,22,2,0.457922
77,100,22,3,40.6573
77,100,22,4,0.004
77,100,22,5,17.709511
77,100,22,6,1.444511
2,100,23,2,0.837813
2,100,23,3,90.852932
2,100,23,4,0.006912
2,100,23,5,40.888951
2,100,23,6,3.190953
54,100,24,2,5.884528
54,100,24,3,198.653666
54,100,24,4,0.007083
54,100,24,5,94.211116
54,100,24,6,6.968342
19,100,25,2,12.853338
19,100,25,3,473.154695
19,100,25,4,0.018105
19,100,25,5,231.004606
19,100,25,6,15.568967
14,1000,20,2,9.92433
14,1000,20,3,7.837877
14,1000,20,4,0.004021
14,1000,20,5,3.119792
14,1000,20,6,0.296297
45,1000,21,2,0.561095
45,1000,21,3,18.741258
45,1000,21,4,0.00344
45,1000,21,5,7.365152
45,1000,21,6,0.665292
43,1000,22,2,0.073302
43,1000,22,3,42.744691
43,1000,22,4,0.003129
43,1000,22,5,16.992525
43,1000,22,6,1.466778
77,1000,23,2,9.043888
77,1000,23,3,96.334578
77,1000,23,4,0.005404
77,1000,23,5,40.146962
77,1000,23,6,3.274376
96,1000,24,2,4.634898
96,1000,24,3,
96,1000,24,4,0.984136
96,1000,24,5,96.441061
96,1000,24,6,
9,1000,25,2,121.04635
9,1000,25,3,
9,1000,25,4,0.932803
9,1000,25,5,215.620229
9,1000,25,6,48.506054
20,5000,20,2,0.66643
20,5000,20,3,8.106771
20,5000,20,4,0.611744
20,5000,20,5,2.881244
20,5000,20,6,8.288914
70,5000,21,2,5.193967
70,5000,21,3,114.973282
70,5000,21,4,5.550449
70,5000,21,5,42.022395
70,5000,21,6,3.372511
100,5000,22,2,
100,5000,22,3,135.913163
100,5000,22,4,0.006508
100,5000,22,5,18.562059
100,5000,22,6,1.490585
37,5000,23,2,6.982814
37,5000,23,3,105.98552
37,5000,23,4,0.004302
37,5000,23,5,38.953208
37,5000,23,6,
75,5000,24,2,22.729396
75,5000,24,3,465.13699
75,5000,24,4,0.006023
75,5000,24,5,101.656816
75,5000,24,6,7.361077
67,5000,25,2,4.438318
67,5000,25,3,
67,5000,25,4,0.005528
67,5000,25,5,229.484494
67,5000,25,6,52.211038
10,100,20,2,0.15915
10,100,20,3,8.440428
10,100,20,4,0.003243
10,100,20,5,3.520496
10,100,20,6,0.307412
61,100,21,2,0.350079
61,100,21,3,20.087001
61,100,21,4,0.004305
61,100,21,5,7.95434
61,100,21,6,0.682471
10,100,22,2,0.156617
10,100,22,3,42.687077
10,100,22,4,0.004178
10,100,22,5,17.581889
10,100,22,6,1.486432
13,100,23,2,19.189626
13,100,23,3,125.51088
13,100,23,4,0.010256
13,100,23,5,40.246583
13,100,23,6,3.293382
43,100,24,2,154.946727
43,100,24,3,
43,100,24,4,0.015304
43,100,24,5,102.139403
43,100,24,6,7.237935
19,100,25,2,15.256527
19,100,25,3,
19,100,25,4,1.007309
19,100,25,5,236.542614
19,100,25,6,65.22412
72,1000,20,2,0.105082
72,1000,20,3,8.577041
72,1000,20,4,4.9899
72,1000,20,5,3.430863
72,1000,20,6,0.309684
81,1000,21,2,0.071422
81,1000,21,3,20.443151
81,1000,21,4,0.00329
81,1000,21,5,8.504502
81,1000,21,6,0.690377
85,1000,22,2,0.402499
85,1000,22,3,45.544675
85,1000,22,4,0.004502
85,1000,22,5,19.062107
85,1000,22,6,1.507914
88,1000,23,2,
88,1000,23,3,266.41942
88,1000,23,4,4.628281
88,1000,23,5,39.794867
88,1000,23,6,23.262548
39,1000,24,2,1.592772
39,1000,24,3,
39,1000,24,4,0.749342
39,1000,24,5,93.447937
39,1000,24,6,76.041659
92,1000,25,2,48.058139
92,1000,25,3,
92,1000,25,4,0.005083
92,1000,25,5,240.089743
92,1000,25,6,42.351073
72,5000,20,2,189.01522
72,5000,20,3,14.229461
72,5000,20,4,31.310052
72,5000,20,5,45.778151
72,5000,20,6,0.297154
15,5000,21,2,0.079768
15,5000,21,3,82.890088
15,5000,21,4,1.122929
15,5000,21,5,19.594673
15,5000,21,6,30.962993
74,5000,22,2,71.027485
74,5000,22,3,52.069652
74,5000,22,4,0.004915
74,5000,22,5,18.66769
74,5000,22,6,1.503152
59,5000,23,2,577.736036
59,5000,23,3,169.153064
59,5000,23,4,0.005009
59,5000,23,5,41.912126
59,5000,23,6,3.302295
98,5000,24,2,193.016
98,5000,24,3,342.422589
98,5000,24,4,0.005735
98,5000,24,5,99.577632
98,5000,24,6,7.149059
36,5000,25,2,0.704899
36,5000,25,3,
36,5000,25,4,0.005866
36,5000,25,5,317.903408
36,5000,25,6,15.746334
91,100,20,2,2.527957
91,100,20,3,8.474811
91,100,20,4,0.004276
91,100,20,5,3.223303
91,100,20,6,1.285012
81,100,21,2,2.182255
81,100,21,3,60.615973
81,100,21,4,0.003559
81,100,21,5,7.593541
81,100,21,6,0.663923
89,100,22,2,0.796305
89,100,22,3,121.053542
89,100,22,4,34.575979
89,100,22,5,29.971159
89,100,22,6,4.273302
5,100,23,2,3.439908
5,100,23,3,291.260184
5,100,23,4,0.006064
5,100,23,5,41.608221
5,100,23,6,8.455165
79,100,24,2,3.464102
79,100,24,3,
79,100,24,4,0.556962
79,100,24,5,92.542209
79,100,24,6,62.615632
11,100,25,2,28.128502
11,100,25,3,
11,100,25,4,1.497747
11,100,25,5,214.124591
11,100,25,6,25.735151
83,1000,20,2,0.757519
83,1000,20,3,50.159005
83,1000,20,4,5.797975
83,1000,20,5,4.231412
83,1000,20,6,0.299055
96,1000,21,2,40.063054
96,1000,21,3,32.956393
96,1000,21,4,11.564574
96,1000,21,5,8.010912
96,1000,21,6,0.679909
27,1000,22,2,5.657947
27,1000,22,3,91.523357
27,1000,22,4,0.005566
27,1000,22,5,17.652973
27,1000,22,6,2.339959
31,1000,23,2,10.502446
31,1000,23,3,332.506712
31,1000,23,4,0.005835
31,1000,23,5,43.678648
31,1000,23,6,4.931787
58,1000,24,2,60.724531
58,1000,24,3,
58,1000,24,4,0.067181
58,1000,24,5,104.164913
58,1000,24,6,7.275058
9,1000,25,2,41.452335
9,1000,25,3,
9,1000,25,4,0.141135
9,1000,25,5,245.10422
9,1000,25,6,15.758407
46,5000,20,2,23.159825
46,5000,20,3,68.912492
46,5000,20,4,4.747789
46,5000,20,5,3.222403
46,5000,20,6,0.306165
30,5000,21,2,0.744733
30,5000,21,3,77.621616
30,5000,21,4,4.524435
30,5000,21,5,33.781247
30,5000,21,6,0.656056
90,5000,22,2,9.457536
90,5000,22,3,103.803399
90,5000,22,4,0.005538
90,5000,22,5,16.984281
90,5000,22,6,5.460141
99,5000,23,2,73.985418
99,5000,23,3,112.580391
99,5000,23,4,0.004166
99,5000,23,5,40.193909
99,5000,23,6,3.281628
23,5000,24,2,10.496853
23,5000,24,3,399.177541
23,5000,24,4,0.028079
23,5000,24,5,96.844461
23,5000,24,6,7.217139
69,5000,25,2,69.480712
69,5000,25,3,
69,5000,25,4,0.004936
69,5000,25,5,227.321432
69,5000,25,6,15.514802
89,100,20,2,0.604599
89,100,20,3,42.722017
89,100,20,4,0.003591
89,100,20,5,3.354377
89,100,20,6,0.310658
81,100,21,2,2.193665
81,100,21,3,132.365233
81,100,21,4,0.003748
81,100,21,5,7.457821
81,100,21,6,0.681712
3,100,22,2,0.060512
3,100,22,3,87.079249
3,100,22,4,0.003461
3,100,22,5,18.821237
3,100,22,6,1.498622
39,100,23,2,0.666997
39,100,23,3,217.15248
39,100,23,4,0.00475
39,100,23,5,44.184786
39,100,23,6,3.31469
41,100,24,2,0.242238
41,100,24,3,
41,100,24,4,22.752923
41,100,24,5,99.726953
41,100,24,6,7.290528
10,100,25,2,1.280939
10,100,25,3,
10,100,25,4,0.981147
10,100,25,5,225.795334
10,100,25,6,
93,1000,20,2,4.037188
93,1000,20,3,29.133306
93,1000,20,4,5.923409
93,1000,20,5,4.577481
93,1000,20,6,0.302481
90,1000,21,2,5.706191
90,1000,21,3,95.044061
90,1000,21,4,9.622009
90,1000,21,5,26.376746
90,1000,21,6,0.658551
4,1000,22,2,43.634272
4,1000,22,3,67.812286
4,1000,22,4,0.004741
4,1000,22,5,18.68338
4,1000,22,6,8.969976
77,1000,23,2,11.235547
77,1000,23,3,256.174604
77,1000,23,4,4.329628
77,1000,23,5,40.266835
77,1000,23,6,47.875155
2,1000,24,2,1.012987
2,1000,24,3,354.357908
2,1000,24,4,0.005242
2,1000,24,5,99.301192
2,1000,24,6,30.061764
44,1000,25,2,0.659477
44,1000,25,3,
44,1000,25,4,0.006137
44,1000,25,5,494.580797
44,1000,25,6,18.553145
15,5000,20,2,0.089757
15,5000,20,3,58.904757
15,5000,20,4,0.711817
15,5000,20,5,7.55411
15,5000,20,6,0.373303
7,5000,21,2,31.767891
7,5000,21,3,51.817068
7,5000,21,4,2.377057
7,5000,21,5,7.5451
7,5000,21,6,0.668276
3,5000,22,2,3.469046
3,5000,22,3,65.85993
3,5000,22,4,0.004221
3,5000,22,5,18.270541
3,5000,22,6,1.506631
54,5000,23,2,10.076183
54,5000,23,3,97.573306
54,5000,23,4,0.004208
54,5000,23,5,41.227937
54,5000,23,6,17.797546
56,5000,24,2,445.035726
56,5000,24,3,
56,5000,24,4,0.855459
56,5000,24,5,91.198499
56,5000,24,6,22.221098
70,5000,25,2,32.220293
70,5000,25,3,
70,5000,25,4,0.251907
70,5000,25,5,221.310178
70,5000,25,6,15.612214
98,100,20,2,1.056071
98,100,20,3,8.284626
98,100,20,4,0.006104
98,100,20,5,3.234209
98,100,20,6,0.304048
43,100,21,2,52.185401
43,100,21,3,19.682873
43,100,21,4,0.013249
43,100,21,5,8.068131
43,100,21,6,0.679448
87,100,22,2,15.961139
87,100,22,3,44.93971
87,100,22,4,0.012537
87,100,22,5,17.83222
87,100,22,6,1.496236
38,100,23,2,0.473425
38,100,23,3,99.166206
38,100,23,4,0.004345
38,100,23,5,41.855672
38,100,23,6,3.309767
63,100,24,2,5.140648
63,100,24,3,
63,100,24,4,0.806833
63,100,24,5,95.790062
63,100,24,6,7.192983
22,100,25,2,0.941685
22,100,25,3,
22,100,25,4,0.139888
22,100,25,5,260.692325
22,100,25,6,20.303912
43,1000,20,2,0.050903
43,1000,20,3,8.558949
43,1000,20,4,0.002823
43,1000,20,5,3.465981
43,1000,20,6,0.308807
40,1000,21,2,0.343326
40,1000,21,3,20.540652
40,1000,21,4,0.004427
40,1000,21,5,8.508249
40,1000,21,6,0.685194
40,1000,22,2,0.327635
40,1000,22,3,45.602844
40,1000,22,4,0.00475
40,1000,22,5,18.863109
40,1000,22,6,1.520599
27,1000,23,2,21.4856
27,1000,23,3,377.220389
27,1000,23,4,27.554941
27,1000,23,5,104.951873
27,1000,23,6,3.323861
5,1000,24,2,10.102644
5,1000,24,3,
5,1000,24,4,4.840683
5,1000,24,5,96.201439
5,1000,24,6,7.284156
51,1000,25,2,8.123071
51,1000,25,3,
51,1000,25,4,0.013652
51,1000,25,5,218.4064
51,1000,25,6,31.958396
47,5000,20,2,0.143825
47,5000,20,3,12.865471
47,5000,20,4,0.044956
47,5000,20,5,3.202078
47,5000,20,6,0.307726
41,5000,21,2,9.127231
41,5000,21,3,41.788709
41,5000,21,4,0.004004
41,5000,21,5,7.529436
41,5000,21,6,0.68273
95,5000,22,2,3.244223
95,5000,22,3,82.883432
95,5000,22,4,3.919852
95,5000,22,5,16.669053
95,5000,22,6,3.102008
85,5000,23,2,1.117187
85,5000,23,3,109.798542
85,5000,23,4,0.003885
85,5000,23,5,42.624162
85,5000,23,6,3.328693
85,5000,24,2,0.695616
85,5000,24,3,
85,5000,24,4,16.668376
85,5000,24,5,103.322954
85,5000,24,6,7.313704
87,5000,25,2,151.377866
87,5000,25,3,
87,5000,25,4,0.198686
87,5000,25,5,400.394438
87,5000,25,6,15.717611
14,100,20,2,0.016169
14,100,20,3,8.547333
14,100,20,4,0.002863
14,100,20,5,3.268869
14,100,20,6,0.303211
42,100,21,2,1.53845
42,100,21,3,19.49227
42,100,21,4,0.007297
42,100,21,5,7.701994
42,100,21,6,0.671516
42,100,22,2,1.464027
42,100,22,3,74.149649
42,100,22,4,0.007252
42,100,22,5,19.522967
42,100,22,6,1.504139
90,100,23,2,7.027238
90,100,23,3,99.115289
90,100,23,4,0.006903
90,100,23,5,42.537783
90,100,23,6,3.311313
13,100,24,2,21.703663
13,100,24,3,
13,100,24,4,0.042527
13,100,24,5,98.628678
13,100,24,6,7.232859
100,100,25,2,0.536556
100,100,25,3,
100,100,25,4,0.004923
100,100,25,5,234.437463
100,100,25,6,15.98141
43,1000,20,2,0.052449
43,1000,20,3,8.548016
43,1000,20,4,0.00293
43,1000,20,5,3.390908
43,1000,20,6,0.303916
49,1000,21,2,0.038535
49,1000,21,3,20.104125
49,1000,21,4,0.003103
49,1000,21,5,8.257199
49,1000,21,6,0.671609
10,1000,22,2,1.825424
10,1000,22,3,45.588674
10,1000,22,4,0.008286
10,1000,22,5,18.523421
10,1000,22,6,1.493998
61,1000,23,2,16.211521
61,1000,23,3,484.189903
61,1000,23,4,0.006257
61,1000,23,5,42.626615
61,1000,23,6,3.301518
2,1000,24,2,1.017138
2,1000,24,3,
2,1000,24,4,0.005493
2,1000,24,5,98.350357
2,1000,24,6,7.368296
26,1000,25,2,1.180687
26,1000,25,3,
26,1000,25,4,0.973428
26,1000,25,5,222.841157
26,1000,25,6,61.632174
75,5000,20,2,4.02701
75,5000,20,3,8.518022
75,5000,20,4,0.003408
75,5000,20,5,3.212887
75,5000,20,6,0.884373
14,5000,21,2,15.609926
14,5000,21,3,40.708392
14,5000,21,4,0.005832
14,5000,21,5,7.728337
14,5000,21,6,0.670697
25,5000,22,2,337.67081
25,5000,22,3,219.33782
25,5000,22,4,17.528553
25,5000,22,5,67.493603
25,5000,22,6,15.801523
57,5000,23,2,4.404799
57,5000,23,3,281.109715
57,5000,23,4,0.004475
57,5000,23,5,41.545346
57,5000,23,6,3.263965
13,5000,24,2,6.216998
13,5000,24,3,
13,5000,24,4,1.191208
13,5000,24,5,96.867713
13,5000,24,6,7.182709
68,5000,25,2,1.516312
68,5000,25,3,
68,5000,25,4,0.006427
68,5000,25,5,212.181185
68,5000,25,6,81.02449
85,100,20,2,0.119951
85,100,20,3,21.407951
85,100,20,4,2.597438
85,100,20,5,21.700209
85,100,20,6,0.319041
86,100,21,2,43.360346
86,100,21,3,89.546322
86,100,21,4,0.009295
86,100,21,5,7.613158
86,100,21,6,0.667977
57,100,22,2,0.293681
57,100,22,3,60.556446
57,100,22,4,0.003816
57,100,22,5,17.775039
57,100,22,6,1.501808
40,100,23,2,0.108158
40,100,23,3,178.275314
40,100,23,4,0.316886
40,100,23,5,40.976853
40,100,23,6,3.270248
100,100,24,2,0.261321
100,100,24,3,
100,100,24,4,0.334104
100,100,24,5,96.320172
100,100,24,6,7.272326
66,100,25,2,0.460159
66,100,25,3,
66,100,25,4,0.55031
66,100,25,5,204.298852
66,100,25,6,
70,1000,20,2,21.675268
70,1000,20,3,70.117928
70,1000,20,4,1.13196
70,1000,20,5,3.332474
70,1000,20,6,0.302968
65,1000,21,2,0.129035
65,1000,21,3,19.666352
65,1000,21,4,0.00504
65,1000,21,5,7.703366
65,1000,21,6,0.672047
26,1000,22,2,4.310231
26,1000,22,3,53.237697
26,1000,22,4,1.2432
26,1000,22,5,17.847467
26,1000,22,6,1.499111
51,1000,23,2,11.541925
51,1000,23,3,301.380377
51,1000,23,4,20.273364
51,1000,23,5,39.324077
51,1000,23,6,3.282853
20,1000,24,2,2.748213
20,1000,24,3,
20,1000,24,4,0.003277
20,1000,24,5,97.947127
20,1000,24,6,24.857645
70,1000,25,2,0.330528
70,1000,25,3,
70,1000,25,4,0.010761
70,1000,25,5,
70,1000,25,6,114.571036
38,5000,20,2,0.257128
38,5000,20,3,8.532053
38,5000,20,4,0.002904
38,5000,20,5,3.412615
38,5000,20,6,0.306184
82,5000,21,2,7.925191
82,5000,21,3,24.044169
82,5000,21,4,0.006082
82,5000,21,5,8.092297
82,5000,21,6,0.682456
53,5000,22,2,5.239221
53,5000,22,3,49.980895
53,5000,22,4,0.003977
53,5000,22,5,17.587587
53,5000,22,6,1.487855
100,5000,23,2,
100,5000,23,3,128.811958
100,5000,23,4,0.006845
100,5000,23,5,40.329092
100,5000,23,6,3.265859
28,5000,24,2,147.980358
28,5000,24,3,349.521121
28,5000,24,4,0.01827
28,5000,24,5,95.589482
28,5000,24,6,7.195084
74,5000,25,2,24.686496
74,5000,25,3,
74,5000,25,4,0.006178
74,5000,25,5,226.100701
74,5000,25,6,15.708561
71,100,20,2,0.027467
71,100,20,3,7.902152
71,100,20,4,0.002259
71,100,20,5,2.92681
71,100,20,6,0.302533
91,100,21,2,3.275123
91,100,21,3,18.510051
91,100,21,4,0.005129
91,100,21,5,6.765234
91,100,21,6,0.659616
80,100,22,2,1.31923
80,100,22,3,41.182378
80,100,22,4,0.006127
80,100,22,5,15.820388
80,100,22,6,1.46429
33,100,23,2,0.581734
33,100,23,3,94.912657
33,100,23,4,0.004702
33,100,23,5,37.819911
33,100,23,6,3.250309
34,100,24,2,17.292399
34,100,24,3,242.844795
34,100,24,4,0.004936
34,100,24,5,94.661314
34,100,24,6,7.2277
25,100,25,2,49.588575
25,100,25,3,
25,100,25,4,0.015872
25,100,25,5,229.453764
25,100,25,6,
62,1000,20,2,38.067342
62,1000,20,3,8.113367
62,1000,20,4,0.201771
62,1000,20,5,6.305976
62,1000,20,6,4.67145
51,1000,21,2,2.302871
51,1000,21,3,69.328629
51,1000,21,4,0.004297
51,1000,21,5,7.735518
51,1000,21,6,0.676325
4,1000,22,2,25.110782
4,1000,22,3,168.444995
4,1000,22,4,0.845481
4,1000,22,5,18.868198
4,1000,22,6,1.508365
44,1000,23,2,0.691398
44,1000,23,3,217.06465
44,1000,23,4,3.899036
44,1000,23,5,43.549756
44,1000,23,6,3.347471
85,1000,24,2,6.756746
85,1000,24,3,
85,1000,24,4,5.170178
85,1000,24,5,90.016116
85,1000,24,6,
77,1000,25,2,12.461225
77,1000,25,3,
77,1000,25,4,2.388105
77,1000,25,5,210.834948
77,1000,25,6,75.051326
10,5000,20,2,35.451821
10,5000,20,3,8.387233
10,5000,20,4,0.010455
10,5000,20,5,3.41894
10,5000,20,6,0.305398
94,5000,21,2,11.361835
94,5000,21,3,64.266386
94,5000,21,4,0.004532
94,5000,21,5,8.061222
94,5000,21,6,0.679648
6,5000,22,2,0.579323
6,5000,22,3,113.317117
6,5000,22,4,0.055622
6,5000,22,5,17.359313
6,5000,22,6,42.334484
25,5000,23,2,91.078868
25,5000,23,3,301.756979
25,5000,23,4,6.474479
25,5000,23,5,41.279092
25,5000,23,6,3.314864
100,5000,24,2,
100,5000,24,3,
100,5000,24,4,0.01114
100,5000,24,5,101.713576
100,5000,24,6,7.143701
93,5000,25,2,0.183779
93,5000,25,3,
93,5000,25,4,20.163229
93,5000,25,5,218.247925
93,5000,25,6,
43,100,20,2,10.063523
43,100,20,3,7.956932
43,100,20,4,0.003328
43,100,20,5,3.353959
43,100,20,6,0.299872
37,100,21,2,1.775629
37,100,21,3,19.05262
37,100,21,4,0.006919
37,100,21,5,6.943771
37,100,21,6,0.655026
12,100,22,2,1.102643
12,100,22,3,40.939929
12,100,22,4,0.011894
12,100,22,5,16.356375
12,100,22,6,1.448816
100,100,23,2,0.898067
100,100,23,3,92.798241
100,100,23,4,0.017841
100,100,23,5,38.771779
100,100,23,6,3.302152
19,100,24,2,9.608874
19,100,24,3,242.358157
19,100,24,4,0.013519
19,100,24,5,95.165707
19,100,24,6,7.158627
75,100,25,2,8.916706
75,100,25,3,
75,100,25,4,5.777775
75,100,25,5,202.014495
75,100,25,6,86.388722
58,1000,20,2,5.331913
58,1000,20,3,8.278378
58,1000,20,4,0.003229
58,1000,20,5,3.335767
58,1000,20,6,0.309777
53,1000,21,2,2.063139
53,1000,21,3,38.5671
53,1000,21,4,0.006179
53,1000,21,5,7.490563
53,1000,21,6,0.677907
1,1000,22,2,3.464855
1,1000,22,3,47.928812
1,1000,22,4,0.005391
1,1000,22,5,18.151435
1,1000,22,6,1.491025
8,1000,23,2,0.264733
8,1000,23,3,295.946428
8,1000,23,4,2.122141
8,1000,23,5,65.950144
8,1000,23,6,20.623599
54,1000,24,2,0.052703
54,1000,24,3,498.042325
54,1000,24,4,0.003799
54,1000,24,5,101.430547
54,1000,24,6,27.902262
90,1000,25,2,4.601906
90,1000,25,3,
90,1000,25,4,0.648338
90,1000,25,5,218.821825
90,1000,25,6,61.846487
74,5000,20,2,8.857451
74,5000,20,3,35.36574
74,5000,20,4,10.534156
74,5000,20,5,44.788239
74,5000,20,6,20.83325
77,5000,21,2,4.789477
77,5000,21,3,49.820034
77,5000,21,4,8.460161
77,5000,21,5,7.959263
77,5000,21,6,0.679113
93,5000,22,2,26.459822
93,5000,22,3,98.786189
93,5000,22,4,0.084651
93,5000,22,5,17.076538
93,5000,22,6,18.97754
34,5000,23,2,12.746297
34,5000,23,3,307.222479
34,5000,23,4,0.00485
34,5000,23,5,41.859358
34,5000,23,6,12.78017
35,5000,24,2,0.889662
35,5000,24,3,
35,5000,24,4,0.021984
35,5000,24,5,102.596159
35,5000,24,6,7.334873
9,5000,25,2,27.587596
9,5000,25,3,
9,5000,25,4,20.271606
9,5000,25,5,249.578984
9,5000,25,6,15.93493
96,100,20,2,43.059438
96,100,20,3,7.800777
96,100,20,4,0.004304
96,100,20,5,2.972288
96,100,20,6,0.302004
97,100,21,2,0.011189
97,100,21,3,18.854907
97,100,21,4,0.002961
97,100,21,5,7.113267
97,100,21,6,0.665923
28,100,22,2,9.895978
28,100,22,3,42.55899
28,100,22,4,0.004094
28,100,22,5,16.621163
28,100,22,6,1.4786
88,100,23,2,0.452813
88,100,23,3,99.073844
88,100,23,4,0.00412
88,100,23,5,38.417442
88,100,23,6,11.813185
41,100,24,2,0.254357
41,100,24,3,213.750038
41,100,24,4,0.004957
41,100,24,5,100.076387
41,100,24,6,7.208842
23,100,25,2,
23,100,25,3,
23,100,25,4,0.107206
23,100,25,5,226.807842
23,100,25,6,35.362477
81,1000,20,2,0.295119
81,1000,20,3,8.465634
81,1000,20,4,0.003285
81,1000,20,5,3.332829
81,1000,20,6,0.309982
39,1000,21,2,0.643512
39,1000,21,3,20.381171
39,1000,21,4,0.005325
39,1000,21,5,8.124278
39,1000,21,6,0.680564
58,1000,22,2,4.636962
58,1000,22,3,44.935489
58,1000,22,4,0.005879
58,1000,22,5,17.854584
58,1000,22,6,1.490831
99,1000,23,2,15.519399
99,1000,23,3,498.603394
99,1000,23,4,0.009836
99,1000,23,5,42.711277
99,1000,23,6,3.304634
98,1000,24,2,74.000306
98,1000,24,3,
98,1000,24,4,1.281485
98,1000,24,5,96.858008
98,1000,24,6,
66,1000,25,2,22.516876
66,1000,25,3,
66,1000,25,4,2.225922
66,1000,25,5,224.981853
66,1000,25,6,85.345168
16,5000,20,2,31.492167
16,5000,20,3,28.188422
16,5000,20,4,0.827974
16,5000,20,5,3.230934
16,5000,20,6,0.30747
6,5000,21,2,0.131256
6,5000,21,3,28.0797
6,5000,21,4,0.024015
6,5000,21,5,7.496231
6,5000,21,6,3.031784
30,5000,22,2,0.995504
30,5000,22,3,53.174077
30,5000,22,4,0.267679
30,5000,22,5,16.901171
30,5000,22,6,11.387934
78,5000,23,2,18.888561
78,5000,23,3,131.234428
78,5000,23,4,0.008012
78,5000,23,5,43.718829
78,5000,23,6,3.322893
26,5000,24,2,5.331094
26,5000,24,3,
26,5000,24,4,1.69634
26,5000,24,5,98.070726
26,5000,24,6,7.344707
6,5000,25,2,3.802034
6,5000,25,3,
6,5000,25,4,0.0048
6,5000,25,5,241.434431
6,5000,25,6,15.995507
21,100,20,2,0.850137
21,100,20,3,7.510096
21,100,20,4,0.009797
21,100,20,5,2.748878
21,100,20,6,0.300511
35,100,21,2,0.153343
35,100,21,3,17.605889
35,100,21,4,0.005302
35,100,21,5,6.520852
35,100,21,6,0.662393
62,100,22,2,3.298333
62,100,22,3,39.62951
62,100,22,4,0.005613
62,100,22,5,14.602591
62,100,22,6,1.435724
59,100,23,2,
59,100,23,3,95.35751
59,100,23,4,0.005968
59,100,23,5,37.606386
59,100,23,6,3.244604
62,100,24,2,0.15549
62,100,24,3,242.192345
62,100,24,4,0.005239
62,100,24,5,103.042691
62,100,24,6,7.283907
13,100,25,2,4.73694
13,100,25,3,
13,100,25,4,0.009137
13,100,25,5,402.517061
13,100,25,6,53.607917
60,1000,20,2,118.392437
60,1000,20,3,15.704921
60,1000,20,4,0.918618
60,1000,20,5,3.181345
60,1000,20,6,0.304732
11,1000,21,2,11.149528
11,1000,21,3,50.798185
11,1000,21,4,0.004057
11,1000,21,5,7.783312
11,1000,21,6,0.681742
98,1000,22,2,21.278184
98,1000,22,3,58.616714
98,1000,22,4,0.004596
98,1000,22,5,17.033406
98,1000,22,6,17.075288
42,1000,23,2,0.16163
42,1000,23,3,171.973521
42,1000,23,4,0.003925
42,1000,23,5,43.415133
42,1000,23,6,3.328926
45,1000,24,2,15.998918
45,1000,24,3,
45,1000,24,4,0.332317
45,1000,24,5,98.701049
45,1000,24,6,40.762616
73,1000,25,2,262.42829
73,1000,25,3,
73,1000,25,4,0.205054
73,1000,25,5,222.28383
73,1000,25,6,26.936236
35,5000,20,2,1.732974
35,5000,20,3,16.877228
35,5000,20,4,0.005404
35,5000,20,5,3.344082
35,5000,20,6,0.308521
16,5000,21,2,9.945482
16,5000,21,3,57.367851
16,5000,21,4,0.003504
16,5000,21,5,7.755312
16,5000,21,6,0.676458
83,5000,22,2,0.413009
83,5000,22,3,164.727455
83,5000,22,4,1.877269
83,5000,22,5,17.589625
83,5000,22,6,4.754211
46,5000,23,2,61.88749
46,5000,23,3,162.205484
46,5000,23,4,0.005712
46,5000,23,5,43.091972
46,5000,23,6,3.311532
97,5000,24,2,19.128627
97,5000,24,3,
97,5000,24,4,0.008464
97,5000,24,5,101.982934
97,5000,24,6,7.244902
89,5000,25,2,86.352897
89,5000,25,3,
89,5000,25,4,0.666406
89,5000,25,5,224.773877
89,5000,25,6,15.814623
6,100,20,2,1.079082
6,100,20,3,13.590083
6,100,20,4,0.003402
6,100,20,5,3.570223
6,100,20,6,0.313729
94,100,21,2,0.601505
94,100,21,3,20.234718
94,100,21,4,0.005386
94,100,21,5,8.322678
94,100,21,6,0.685136
5,100,22,2,3.471757
5,100,22,3,44.919521
5,100,22,4,0.00378
5,100,22,5,18.844605
5,100,22,6,1.499924
8,100,23,2,32.119009
8,100,23,3,98.174824
8,100,23,4,0.007349
8,100,23,5,42.974693
8,100,23,6,3.327905
95,100,24,2,0.479285
95,100,24,3,
95,100,24,4,0.02477
95,100,24,5,95.030758
95,100,24,6,12.317495
95,100,25,2,0.69646
95,100,25,3,
95,100,25,4,0.119774
95,100,25,5,239.12979
95,100,25,6,16.214664
71,1000,20,2,7.746901
71,1000,20,3,8.643039
71,1000,20,4,0.003636
71,1000,20,5,3.464779
71,1000,20,6,0.308484
34,1000,21,2,0.841506
34,1000,21,3,20.082106
34,1000,21,4,0.004544
34,1000,21,5,7.552512
34,1000,21,6,0.66949
100,1000,22,2,0.16853
100,1000,22,3,108.244972
100,1000,22,4,0.007418
100,1000,22,5,17.468527
100,1000,22,6,5.157751
23,1000,23,2,0.109358
23,1000,23,3,385.058719
23,1000,23,4,0.010253
23,1000,23,5,42.49048
23,1000,23,6,3.269225
77,1000,24,2,10.123713
77,1000,24,3,
77,1000,24,4,0.006205
77,1000,24,5,94.802428
77,1000,24,6,10.082975
80,1000,25,2,0.557734
80,1000,25,3,
80,1000,25,4,0.004317
80,1000,25,5,221.790045
80,1000,25,6,22.177144
65,5000,20,2,0.866416
65,5000,20,3,9.228036
65,5000,20,4,0.025658
65,5000,20,5,3.289423
65,5000,20,6,0.309309
4,5000,21,2,9.590657
4,5000,21,3,27.9919
4,5000,21,4,0.004709
4,5000,21,5,7.586672
4,5000,21,6,0.664575
5,5000,22,2,17.654895
5,5000,22,3,100.266199
5,5000,22,4,0.003954
5,5000,22,5,17.060234
5,5000,22,6,1.494713
35,5000,23,2,5.426967
35,5000,23,3,98.929297
35,5000,23,4,0.009457
35,5000,23,5,41.883051
35,5000,23,6,3.326091
76,5000,24,2,82.456471
76,5000,24,3,
76,5000,24,4,0.013609
76,5000,24,5,93.342536
76,5000,24,6,7.168761
74,5000,25,2,22.599625
74,5000,25,3,
74,5000,25,4,0.011054
74,5000,25,5,359.328641
74,5000,25,6,64.958168
22,100,20,2,0.193595
22,100,20,3,7.350664
22,100,20,4,0.006906
22,100,20,5,2.959566
22,100,20,6,0.293322
14,100,21,2,0.016939
14,100,21,3,17.203276
14,100,21,4,0.002867
14,100,21,5,6.888989
14,100,21,6,0.65049
28,100,22,2,9.863972
28,100,22,3,39.956989
28,100,22,4,0.003886
28,100,22,5,14.879077
28,100,22,6,1.435535
92,100,23,2,0.255514
92,100,23,3,87.903902
92,100,23,4,0.004118
92,100,23,5,33.407369
92,100,23,6,3.136733
90,100,24,2,4.239675
90,100,24,3,196.468816
90,100,24,4,0.008016
90,100,24,5,83.148335
90,100,24,6,7.037165
40,100,25,2,0.257477
40,100,25,3,
40,100,25,4,0.265563
40,100,25,5,259.138445
40,100,25,6,16.051707
38,1000,20,2,0.420182
38,1000,20,3,8.715621
38,1000,20,4,0.004874
38,1000,20,5,3.809669
38,1000,20,6,0.318266
34,1000,21,2,0.852462
34,1000,21,3,19.89651
34,1000,21,4,0.00439
34,1000,21,5,7.748266
34,1000,21,6,0.681568
11,1000,22,2,4.928068
11,1000,22,3,80.543777
11,1000,22,4,0.462744
11,1000,22,5,17.110526
11,1000,22,6,18.050384
54,1000,23,2,0.016929
54,1000,23,3,365.447279
54,1000,23,4,2.354896
54,1000,23,5,40.447825
54,1000,23,6,3.282442
27,1000,24,2,32.178245
27,1000,24,3,
27,1000,24,4,0.59079
27,1000,24,5,93.180584
27,1000,24,6,24.613469
97,1000,25,2,22.471532
97,1000,25,3,
97,1000,25,4,0.245377
97,1000,25,5,219.559975
97,1000,25,6,108.141346
63,5000,20,2,2.661989
63,5000,20,3,25.317417
63,5000,20,4,7.542731
63,5000,20,5,56.148322
63,5000,20,6,0.303924
52,5000,21,2,0.193612
52,5000,21,3,20.05786
52,5000,21,4,0.003284
52,5000,21,5,8.18311
52,5000,21,6,0.681533
93,5000,22,2,26.505821
93,5000,22,3,59.81127
93,5000,22,4,0.004944
93,5000,22,5,17.656188
93,5000,22,6,5.341502
62,5000,23,2,8.259282
62,5000,23,3,320.561605
62,5000,23,4,20.863747
62,5000,23,5,38.916745
62,5000,23,6,12.277949
91,5000,24,2,1.253551
91,5000,24,3,
91,5000,24,4,0.238036
91,5000,24,5,97.138362
91,5000,24,6,27.253901
85,5000,25,2,0.73134
85,5000,25,3,
85,5000,25,4,0.004523
85,5000,25,5,
85,5000,25,6,99.152308
11,100,20,2,5.680132
11,100,20,3,8.104507
11,100,20,4,0.004529
11,100,20,5,3.374545
11,100,20,6,0.305422
48,100,21,2,0.082035
48,100,21,3,19.865067
48,100,21,4,0.003348
48,100,21,5,8.129048
48,100,21,6,0.685302
54,100,22,2,3.808776
54,100,22,3,44.75586
54,100,22,4,0.006374
54,100,22,5,18.935089
54,100,22,6,1.498334
30,100,23,2,9.01625
30,100,23,3,125.684856
30,100,23,4,0.00489
30,100,23,5,43.994692
30,100,23,6,3.288414
6,100,24,2,5.881911
6,100,24,3,215.648126
6,100,24,4,0.02584
6,100,24,5,97.389359
6,100,24,6,7.268688
65,100,25,2,121.008574
65,100,25,3,
65,100,25,4,0.424248
65,100,25,5,217.147156
65,100,25,6,56.507872
58,1000,20,2,5.233389
58,1000,20,3,101.821824
58,1000,20,4,4.311488
58,1000,20,5,19.649505
58,1000,20,6,0.312144
35,1000,21,2,0.289711
35,1000,21,3,26.296837
35,1000,21,4,0.848919
35,1000,21,5,23.206996
35,1000,21,6,3.453623
43,1000,22,2,0.073555
43,1000,22,3,59.826999
43,1000,22,4,0.034233
43,1000,22,5,18.427008
43,1000,22,6,1.499382
8,1000,23,2,0.263445
8,1000,23,3,208.624175
8,1000,23,4,0.00527
8,1000,23,5,42.158111
8,1000,23,6,3.307047
75,1000,24,2,10.029821
75,1000,24,3,
75,1000,24,4,0.00722
75,1000,24,5,97.821682
75,1000,24,6,7.349959
40,1000,25,2,5.168304
40,1000,25,3,
40,1000,25,4,0.022755
40,1000,25,5,220.067904
40,1000,25,6,114.915001
35,5000,20,2,1.730665
35,5000,20,3,8.625292
35,5000,20,4,0.005366
35,5000,20,5,3.354111
35,5000,20,6,0.309221
23,5000,21,2,10.526671
23,5000,21,3,20.324681
23,5000,21,4,0.00562
23,5000,21,5,8.163762
23,5000,21,6,0.687494
60,5000,22,2,1.199073
60,5000,22,3,176.451788
60,5000,22,4,3.173949
60,5000,22,5,17.271249
60,5000,22,6,1.542789
60,5000,23,2,2.68692
60,5000,23,3,298.313214
60,5000,23,4,4.067955
60,5000,23,5,41.261504
60,5000,23,6,4.18315
54,5000,24,2,20.209075
54,5000,24,3,
54,5000,24,4,1.407912
54,5000,24,5,91.097688
54,5000,24,6,13.461804
15,5000,25,2,5.35985
15,5000,25,3,
15,5000,25,4,0.004849
15,5000,25,5,223.755787
15,5000,25,6,74.454053
4,100,20,2,18.275074
4,100,20,3,8.330378
4,100,20,4,0.007133
4,100,20,5,3.432765
4,100,20,6,0.307427
81,100,21,2,2.179755
81,100,21,3,20.011568
81,100,21,4,0.00368
81,100,21,5,7.97079
81,100,21,6,0.68413
37,100,22,2,5.707153
37,100,22,3,44.448921
37,100,22,4,0.007258
37,100,22,5,18.410521
37,100,22,6,1.48466
44,100,23,2,0.21856
44,100,23,3,123.712344
44,100,23,4,0.00333
44,100,23,5,42.270921
44,100,23,6,3.302904
51,100,24,2,7.668657
51,100,24,3,215.303895
51,100,24,4,0.010204
51,100,24,5,93.758629
51,100,24,6,7.221093
94,100,25,2,0.567289
94,100,25,3,
94,100,25,4,0.372329
94,100,25,5,213.824886
94,100,25,6,15.649396
39,1000,20,2,0.226265
39,1000,20,3,39.823815
39,1000,20,4,4.752158
39,1000,20,5,4.363721
39,1000,20,6,13.989013
65,1000,21,2,0.910483
65,1000,21,3,56.905719
65,1000,21,4,0.005025
65,1000,21,5,58.75073
65,1000,21,6,13.640466
42,1000,22,2,0.106879
42,1000,22,3,100.002153
42,1000,22,4,0.003691
42,1000,22,5,18.277982
42,1000,22,6,3.802739
53,1000,23,2,0.029341
53,1000,23,3,203.979701
53,1000,23,4,2.771412
53,1000,23,5,44.000122
53,1000,23,6,3.355208
67,1000,24,2,10.749058
67,1000,24,3,
67,1000,24,4,0.006647
67,1000,24,5,101.339539
67,1000,24,6,28.172802
99,1000,25,2,0.797599
99,1000,25,3,
99,1000,25,4,1.363521
99,1000,25,5,216.264451
99,1000,25,6,
25,5000,20,2,145.527929
25,5000,20,3,8.41982
25,5000,20,4,0.00415
25,5000,20,5,3.358276
25,5000,20,6,0.307111
77,5000,21,2,1.02087
77,5000,21,3,20.054589
77,5000,21,4,0.004363
77,5000,21,5,8.13831
77,5000,21,6,0.680236
55,5000,22,2,0.765795
55,5000,22,3,172.566072
55,5000,22,4,0.681281
55,5000,22,5,17.578756
55,5000,22,6,1.506493
9,5000,23,2,7.007548
9,5000,23,3,297.845283
9,5000,23,4,7.234874
9,5000,23,5,39.576157
9,5000,23,6,29.200791
40,5000,24,2,61.560006
40,5000,24,3,
40,5000,24,4,1.887852
40,5000,24,5,87.10085
40,5000,24,6,
82,5000,25,2,26.280794
82,5000,25,3,
82,5000,25,4,0.264339
82,5000,25,5,207.873961
82,5000,25,6,68.97447
95,100,20,2,0.039688
95,100,20,3,7.569376
95,100,20,4,0.002922
95,100,20,5,3.226818
95,100,20,6,0.2949
99,100,21,2,0.59442
99,100,21,3,17.842591
99,100,21,4,0.004303
99,100,21,5,7.709699
99,100,21,6,0.65392
91,100,22,2,5.75876
91,100,22,3,41.051021
91,100,22,4,0.005913
91,100,22,5,17.842858
91,100,22,6,1.446443
100,100,23,2,0.892496
100,100,23,3,90.374152
100,100,23,4,0.017722
100,100,23,5,40.809719
100,100,23,6,3.18472
84,100,24,2,0.731062
84,100,24,3,199.342745
84,100,24,4,0.003755
84,100,24,5,86.224442
84,100,24,6,7.033187
71,100,25,2,1.119915
71,100,25,3,470.860487
71,100,25,4,0.027298
71,100,25,5,244.47162
71,100,25,6,16.058697
29,1000,20,2,0.072688
29,1000,20,3,8.240201
29,1000,20,4,0.002994
29,1000,20,5,3.224497
29,1000,20,6,0.302438
41,1000,21,2,0.402858
41,1000,21,3,19.204542
41,1000,21,4,0.003913
41,1000,21,5,7.557729
41,1000,21,6,0.671039
75,1000,22,2,9.233661
75,1000,22,3,73.258834
75,1000,22,4,0.005908
75,1000,22,5,19.336148
75,1000,22,6,1.56322
39,1000,23,2,0.696072
39,1000,23,3,99.545597
39,1000,23,4,0.005079
39,1000,23,5,43.272082
39,1000,23,6,3.325179
19,1000,24,2,16.934889
19,1000,24,3,
19,1000,24,4,2.572844
19,1000,24,5,90.423233
19,1000,24,6,12.127294
95,1000,25,2,106.823815
95,1000,25,3,
95,1000,25,4,14.344054
95,1000,25,5,215.667782
95,1000,25,6,33.342884
45,5000,20,2,12.771372
45,5000,20,3,39.869478
45,5000,20,4,1.252822
45,5000,20,5,3.588979
45,5000,20,6,0.310538
31,5000,21,2,2.785898
31,5000,21,3,26.300229
31,5000,21,4,0.004254
31,5000,21,5,8.134574
31,5000,21,6,0.682077
76,5000,22,2,
76,5000,22,3,238.000001
76,5000,22,4,0.005758
76,5000,22,5,18.678209
76,5000,22,6,1.502485
94,5000,23,2,7.393609
94,5000,23,3,136.518183
94,5000,23,4,0.777365
94,5000,23,5,40.069644
94,5000,23,6,18.659496
77,5000,24,2,12.481409
77,5000,24,3,
77,5000,24,4,0.78214
77,5000,24,5,92.810911
77,5000,24,6,13.081902
10,5000,25,2,25.69734
10,5000,25,3,
10,5000,25,4,0.756276
10,5000,25,5,223.34666
10,5000,25,6,20.100851
42,100,20,2,0.448461
42,100,20,3,8.235629
42,100,20,4,0.005417
42,100,20,5,3.409205
42,100,20,6,0.306176
38,100,21,2,0.598276
38,100,21,3,19.92774
38,100,21,4,0.003273
38,100,21,5,8.035196
38,100,21,6,0.672672
86,100,22,2,25.598333
86,100,22,3,43.21771
86,100,22,4,0.011533
86,100,22,5,17.170062
86,100,22,6,1.462566
77,100,23,2,0.485739
77,100,23,3,96.664115
77,100,23,4,0.00404
77,100,23,5,42.827766
77,100,23,6,3.330905
64,100,24,2,2.60503
64,100,24,3,241.455127
64,100,24,4,0.008329
64,100,24,5,102.914284
64,100,24,6,7.267275
14,100,25,2,0.08758
14,100,25,3,
14,100,25,4,0.68528
14,100,25,5,213.251034
14,100,25,6,22.704013
94,1000,20,2,2.959095
94,1000,20,3,58.333678
94,1000,20,4,0.661505
94,1000,20,5,3.052226
94,1000,20,6,25.94156
87,1000,21,2,1.361944
87,1000,21,3,74.743995
87,1000,21,4,0.003639
87,1000,21,5,7.551239
87,1000,21,6,6.145225
69,1000,22,2,5.384045
69,1000,22,3,60.761143
69,1000,22,4,0.005652
69,1000,22,5,17.905861
69,1000,22,6,1.495543
11,1000,23,2,4.682396
11,1000,23,3,200.703375
11,1000,23,4,0.004561
11,1000,23,5,39.339244
11,1000,23,6,10.875521
33,1000,24,2,34.243679
33,1000,24,3,
33,1000,24,4,0.005363
33,1000,24,5,103.554653
33,1000,24,6,7.184468
87,1000,25,2,1.243329
87,1000,25,3,
87,1000,25,4,0.00495
87,1000,25,5,221.872995
87,1000,25,6,39.434387
10,5000,20,2,35.664217
10,5000,20,3,28.288515
10,5000,20,4,3.766439
10,5000,20,5,3.027166
10,5000,20,6,0.303449
31,5000,21,2,2.781941
31,5000,21,3,29.132757
31,5000,21,4,4.290444
31,5000,21,5,7.229811
31,5000,21,6,30.364281
16,5000,22,2,62.638632
16,5000,22,3,67.593047
16,5000,22,4,0.009512
16,5000,22,5,18.499935
16,5000,22,6,1.493963
52,5000,23,2,8.007979
52,5000,23,3,274.674082
52,5000,23,4,6.332371
52,5000,23,5,39.559375
52,5000,23,6,79.867737
91,5000,24,2,1.252672
91,5000,24,3,
91,5000,24,4,2.602676
91,5000,24,5,97.918554
91,5000,24,6,13.605712
29,5000,25,2,140.735352
29,5000,25,3,
29,5000,25,4,1.830813
29,5000,25,5,205.365797
29,5000,25,6,15.421446
