seed,gridsize,ncount,method,besttour,runtime
58,100,26,2,473,0.471505
58,100,26,4,401,0.002038
58,100,26,6,401,15.057873
81,100,27,2,456,67.064901
81,100,27,4,414,0.005066
81,100,27,6,414,34.40364
23,100,28,2,,
23,100,28,4,421,0.011052
23,100,28,6,,
84,100,29,2,516,15.009989
84,100,29,4,471,0.163461
84,100,29,6,,
19,100,30,2,447,34.764992
19,100,30,4,432,0.011719
19,100,30,6,,
95,100,31,2,506,9.630574
95,100,31,4,483,0.009254
95,100,31,6,,
1,100,32,2,414,12.125013
1,100,32,4,388,0.00979
1,100,32,6,,
96,1000,26,2,4081,19.750044
96,1000,26,4,3736,0.00454
96,1000,26,6,3736,16.796684
76,1000,27,2,4871,16.618541
76,1000,27,4,4719,0.249881
76,1000,27,6,4719,32.299568
44,1000,28,2,4608,1.461343
44,1000,28,4,4124,0.003478
44,1000,28,6,4124,69.446994
43,1000,29,2,4438,2.426636
43,1000,29,4,4196,0.006606
43,1000,29,6,,
41,1000,30,2,5189,4.637648
41,1000,30,4,4717,0.003365
41,1000,30,6,,
38,1000,31,2,5246,114.58147
38,1000,31,4,4691,0.01161
38,1000,31,6,,
25,1000,32,2,,
25,1000,32,4,4706,0.01065
25,1000,32,6,,
31,5000,26,2,24972,8.612175
31,5000,26,4,22647,0.003409
31,5000,26,6,22647,15.008884
64,5000,27,2,27294,10.482926
64,5000,27,4,23851,0.004332
64,5000,27,6,23851,32.292698
17,5000,28,2,20674,1.064944
17,5000,28,4,20513,0.003039
17,5000,28,6,20513,69.453243
59,5000,29,2,25864,421.481387
59,5000,29,4,22540,0.003684
59,5000,29,6,,
31,5000,30,2,24626,278.227151
31,5000,30,4,23542,0.015404
31,5000,30,6,,
18,5000,31,2,,
18,5000,31,4,23421,0.009212
18,5000,31,6,,
62,5000,32,2,25977,155.112897
62,5000,32,4,24165,0.009792
62,5000,32,6,,
71,100,26,2,470,0.529259
71,100,26,4,460,0.291033
71,100,26,6,460,27.241649
81,100,27,2,456,88.949093
81,100,27,4,414,0.00513
81,100,27,6,414,65.165208
3,100,28,2,508,2.148653
3,100,28,4,431,0.350081
3,100,28,6,,
70,100,29,2,455,17.086914
70,100,29,4,419,0.004665
70,100,29,6,,
32,100,30,2,547,10.50269
32,100,30,4,508,0.047424
32,100,30,6,,
25,100,31,2,,
25,100,31,4,424,0.013768
25,100,31,6,,
40,100,32,2,477,396.633979
40,100,32,4,434,0.022738
40,100,32,6,,
73,1000,26,2,,
73,1000,26,4,4346,0.006371
73,1000,26,6,4346,15.120101
53,1000,27,2,4829,0.310987
53,1000,27,4,4482,0.003596
53,1000,27,6,4482,37.365103
75,1000,28,2,4771,5.641433
75,1000,28,4,4571,0.137695
75,1000,28,6,4571,71.644614
40,1000,29,2,4405,10.435149
40,1000,29,4,4172,0.14874
40,1000,29,6,,
20,1000,30,2,5232,32.848304
20,1000,30,4,4406,0.01281
20,1000,30,6,,
34,1000,31,2,5155,457.862492
34,1000,31,4,5027,0.006488
34,1000,31,6,,
60,1000,32,2,,
60,1000,32,4,4267,0.011694
60,1000,32,6,,
16,5000,26,2,24856,18.277709
16,5000,26,4,23252,0.003215
16,5000,26,6,23252,15.011856
68,5000,27,2,22775,0.796889
68,5000,27,4,20328,0.003341
68,5000,27,6,20328,32.29136
84,5000,28,2,24719,0.344745
84,5000,28,4,21796,0.002823
84,5000,28,6,21796,69.469321
79,5000,29,2,23231,6.928966
79,5000,29,4,21550,0.011878
79,5000,29,6,,
88,5000,30,2,24919,21.932762
88,5000,30,4,22806,0.00542
88,5000,30,6,,
57,5000,31,2,22982,50.712878
57,5000,31,4,20950,0.005324
57,5000,31,6,,
89,5000,32,2,25285,44.398479
89,5000,32,4,24285,0.023995
89,5000,32,6,,
5,100,26,2,463,2.627353
5,100,26,4,438,0.019655
5,100,26,6,438,15.06369
91,100,27,2,521,5.527432
91,100,27,4,478,0.004731
91,100,27,6,,
84,100,28,2,514,0.380882
84,100,28,4,447,0.002469
84,100,28,6,,
79,100,29,2,500,5.327831
79,100,29,4,462,0.010956
79,100,29,6,,
77,100,30,2,468,0.638879
77,100,30,4,421,0.002826
77,100,30,6,,
11,100,31,2,509,260.576998
11,100,31,4,469,0.012683
11,100,31,6,,
34,100,32,2,508,112.653972
34,100,32,4,464,0.017464
34,100,32,6,,
63,1000,26,2,3834,64.694973
63,1000,26,4,3724,0.003365
63,1000,26,6,3724,15.813645
47,1000,27,2,5395,284.241758
47,1000,27,4,4692,0.021591
47,1000,27,6,4692,34.222132
14,1000,28,2,5004,553.792378
14,1000,28,4,4637,0.01277
14,1000,28,6,,
17,1000,29,2,,
17,1000,29,4,4903,0.008354
17,1000,29,6,,
23,1000,30,2,4884,0.864382
23,1000,30,4,4070,0.005346
23,1000,30,6,,
43,1000,31,2,4878,8.066663
43,1000,31,4,4492,0.007427
43,1000,31,6,,
65,1000,32,2,4437,1.16423
65,1000,32,4,4169,0.005368
65,1000,32,6,,
82,5000,26,2,21446,17.767559
82,5000,26,4,21363,0.004807
82,5000,26,6,21363,15.028821
69,5000,27,2,23545,51.036489
69,5000,27,4,22524,0.006337
69,5000,27,6,22524,39.165648
9,5000,28,2,25004,29.665328
9,5000,28,4,22651,0.00386
9,5000,28,6,22651,71.575779
41,5000,29,2,23741,158.11715
41,5000,29,4,22466,0.004181
41,5000,29,6,,
41,5000,30,2,23802,328.391474
41,5000,30,4,23057,0.007507
41,5000,30,6,,
10,5000,31,2,24932,37.740347
10,5000,31,4,23072,0.017557
10,5000,31,6,,
38,5000,32,2,23794,19.575974
38,5000,32,4,23110,0.003317
38,5000,32,6,,
4,100,26,2,449,65.242619
4,100,26,4,422,0.716912
4,100,26,6,,
64,100,27,2,420,18.11764
64,100,27,4,398,0.006013
64,100,27,6,,
10,100,28,2,370,3.949668
10,100,28,4,363,0.003246
10,100,28,6,,
8,100,29,2,,
8,100,29,4,466,1.086614
8,100,29,6,,
60,100,30,2,575,7.321071
60,100,30,4,496,0.005505
60,100,30,6,,
31,100,31,2,504,93.746055
31,100,31,4,472,0.004354
31,100,31,6,,
43,100,32,2,534,290.150099
43,100,32,4,512,0.017424
43,100,32,6,,
68,1000,26,2,4642,4.828086
68,1000,26,4,4344,0.008678
68,1000,26,6,4344,15.197779
64,1000,27,2,4407,0.113002
64,1000,27,4,4373,0.002714
64,1000,27,6,,
96,1000,28,2,4302,263.481721
96,1000,28,4,4037,0.016455
96,1000,28,6,,
7,1000,29,2,3843,0.397
7,1000,29,4,3806,0.003462
7,1000,29,6,,
66,1000,30,2,4587,29.092598
66,1000,30,4,4407,0.004039
66,1000,30,6,,
5,1000,31,2,4860,4.584044
5,1000,31,4,4636,0.003838
5,1000,31,6,,
42,1000,32,2,4338,0.181712
42,1000,32,4,4044,0.003416
42,1000,32,6,,
66,5000,26,2,24628,14.423628
66,5000,26,4,21763,0.003435
66,5000,26,6,21763,15.12755
70,5000,27,2,23145,52.307092
70,5000,27,4,22616,0.00889
70,5000,27,6,22616,32.35368
43,5000,28,2,24833,1.064215
43,5000,28,4,20549,0.006619
43,5000,28,6,20549,70.731604
41,5000,29,2,23741,157.849085
41,5000,29,4,22466,0.20859
41,5000,29,6,,
58,5000,30,2,23773,0.887489
58,5000,30,4,23281,0.00431
58,5000,30,6,,
66,5000,31,2,25913,46.871229
66,5000,31,4,22919,0.005858
66,5000,31,6,,
97,5000,32,2,22675,77.011552
97,5000,32,4,22260,0.018073
97,5000,32,6,,
51,100,26,2,392,4.022697
51,100,26,4,375,0.003927
51,100,26,6,375,15.040349
98,100,27,2,411,14.399521
98,100,27,4,387,0.006807
98,100,27,6,387,32.38207
25,100,28,2,417,49.860974
25,100,28,4,401,0.008882
25,100,28,6,401,75.707722
80,100,29,2,445,3.185138
80,100,29,4,409,0.004807
80,100,29,6,,
38,100,30,2,439,21.141942
38,100,30,4,428,0.003774
38,100,30,6,,
94,100,31,2,528,2.739184
94,100,31,4,480,0.02413
94,100,31,6,,
93,100,32,2,499,0.44328
93,100,32,4,463,0.003226
93,100,32,6,,
79,1000,26,2,4298,0.152529
79,1000,26,4,3991,0.002159
79,1000,26,6,3991,15.018415
37,1000,27,2,5225,1.219327
37,1000,27,4,4217,0.00568
37,1000,27,6,4217,32.275028
18,1000,28,2,5091,16.999579
18,1000,28,4,4751,0.01805
18,1000,28,6,4751,76.634207
73,1000,29,2,,
73,1000,29,4,4564,0.010378
73,1000,29,6,,
48,1000,30,2,5307,161.863443
48,1000,30,4,4932,0.074703
48,1000,30,6,,
1,1000,31,2,4390,14.600509
1,1000,31,4,4390,0.004526
1,1000,31,6,,
86,1000,32,2,5420,6.39669
86,1000,32,4,4899,0.00593
86,1000,32,6,,
29,5000,26,2,22211,148.656215
29,5000,26,4,21578,0.004182
29,5000,26,6,21578,15.018351
38,5000,27,2,21747,0.804128
38,5000,27,4,21111,0.002251
38,5000,27,6,21111,32.303871
7,5000,28,2,,
7,5000,28,4,21898,0.01378
7,5000,28,6,21898,69.442321
16,5000,29,2,27095,23.76999
16,5000,29,4,23762,0.00401
16,5000,29,6,,
47,5000,30,2,23839,9.393586
47,5000,30,4,21600,0.039372
47,5000,30,6,,
32,5000,31,2,24621,53.86865
32,5000,31,4,23244,0.007853
32,5000,31,6,,
46,5000,32,2,,
46,5000,32,4,24975,0.019139
46,5000,32,6,,
95,100,26,2,496,2.187151
95,100,26,4,464,0.464468
95,100,26,6,,
1,100,27,2,386,64.769932
1,100,27,4,367,0.018255
1,100,27,6,,
15,100,28,2,437,0.673645
15,100,28,4,416,0.002885
15,100,28,6,,
90,100,29,2,490,89.246245
90,100,29,4,435,0.013429
90,100,29,6,,
96,100,30,2,,
96,100,30,4,438,0.495859
96,100,30,6,,
41,100,31,2,445,0.503374
41,100,31,4,435,0.505138
41,100,31,6,,
23,100,32,2,,
23,100,32,4,442,0.011975
23,100,32,6,,
12,1000,26,2,4394,5.055902
12,1000,26,4,4273,0.003306
12,1000,26,6,4273,15.039354
100,1000,27,2,4760,5.588659
100,1000,27,4,4384,0.017655
100,1000,27,6,4384,36.496144
76,1000,28,2,4905,7.418567
76,1000,28,4,4788,0.561629
76,1000,28,6,,
90,1000,29,2,4831,4.360559
90,1000,29,4,4324,0.010601
90,1000,29,6,,
40,1000,30,2,4501,33.502993
40,1000,30,4,4249,0.006512
40,1000,30,6,,
72,1000,31,2,5475,0.580444
72,1000,31,4,5121,0.005542
72,1000,31,6,,
36,1000,32,2,,
36,1000,32,4,4464,0.00671
36,1000,32,6,,
18,5000,26,2,22481,57.38038
18,5000,26,4,20331,0.002946
18,5000,26,6,20331,15.031114
55,5000,27,2,25984,0.461405
55,5000,27,4,23791,0.003087
55,5000,27,6,23791,32.309909
68,5000,28,2,23944,1.284206
68,5000,28,4,21497,0.003867
68,5000,28,6,21497,69.495266
13,5000,29,2,20804,34.830735
13,5000,29,4,20507,0.006805
13,5000,29,6,,
18,5000,30,2,,
18,5000,30,4,21707,0.006319
18,5000,30,6,,
67,5000,31,2,24593,34.828635
67,5000,31,4,23091,0.005992
67,5000,31,6,,
47,5000,32,2,25001,47.974864
47,5000,32,4,21859,0.012211
47,5000,32,6,,
9,100,26,2,541,1.386012
9,100,26,4,484,0.004171
9,100,26,6,484,16.31115
5,100,27,2,485,2.603894
5,100,27,4,441,0.015152
5,100,27,6,,
22,100,28,2,469,6.869704
22,100,28,4,456,0.015754
22,100,28,6,,
46,100,29,2,611,1.697501
46,100,29,4,474,0.311672
46,100,29,6,,
88,100,30,2,473,2.629069
88,100,30,4,417,0.005818
88,100,30,6,,
10,100,31,2,433,53.597621
10,100,31,4,418,0.005117
10,100,31,6,,
5,100,32,2,500,345.328656
5,100,32,4,459,0.014731
5,100,32,6,,
85,1000,26,2,4238,2.84434
85,1000,26,4,4063,0.003465
85,1000,26,6,4063,15.082277
2,1000,27,2,3989,0.240139
2,1000,27,4,3833,0.002576
2,1000,27,6,3833,32.452633
57,1000,28,2,5498,3.418986
57,1000,28,4,4775,0.003116
57,1000,28,6,,
28,1000,29,2,4924,371.069317
28,1000,29,4,4310,0.012563
28,1000,29,6,,
85,1000,30,2,4570,35.344762
85,1000,30,4,4371,0.004604
85,1000,30,6,,
49,1000,31,2,4281,2.188489
49,1000,31,4,4225,0.00395
49,1000,31,6,,
25,1000,32,2,,
25,1000,32,4,4706,0.010668
25,1000,32,6,,
60,5000,26,2,24020,3.015018
60,5000,26,4,21882,0.070555
60,5000,26,6,21882,15.016222
42,5000,27,2,22709,296.751366
42,5000,27,4,21107,0.006177
42,5000,27,6,21107,32.310368
37,5000,28,2,25993,24.308276
37,5000,28,4,23414,0.00379
37,5000,28,6,23414,69.454132
39,5000,29,2,23863,18.022772
39,5000,29,4,22106,0.003936
39,5000,29,6,,
1,5000,30,2,25626,8.432155
1,5000,30,4,24399,0.004279
1,5000,30,6,,
86,5000,31,2,24810,58.25451
86,5000,31,4,23147,0.007217
86,5000,31,6,,
75,5000,32,2,22431,6.17996
75,5000,32,4,21696,0.005567
75,5000,32,6,,
42,100,26,2,442,13.085919
42,100,26,4,421,0.005194
42,100,26,6,421,15.117623
32,100,27,2,540,2.213178
32,100,27,4,502,0.023802
32,100,27,6,502,32.509135
38,100,28,2,427,4.930893
38,100,28,4,417,0.003178
38,100,28,6,,
49,100,29,2,498,42.654159
49,100,29,4,476,0.007064
49,100,29,6,,
18,100,30,2,465,39.169346
18,100,30,4,455,0.208788
18,100,30,6,,
43,100,31,2,528,228.677674
43,100,31,4,503,0.027145
43,100,31,6,,
27,100,32,2,534,34.93757
27,100,32,4,487,0.005281
27,100,32,6,,
2,1000,26,2,3969,0.204411
2,1000,26,4,3783,0.002367
2,1000,26,6,3783,15.05654
24,1000,27,2,5312,29.339719
24,1000,27,4,4633,0.004355
24,1000,27,6,,
7,1000,28,2,3653,0.258069
7,1000,28,4,3653,0.003204
7,1000,28,6,,
38,1000,29,2,5051,5.980605
38,1000,29,4,4511,0.007459
38,1000,29,6,,
100,1000,30,2,5022,0.788967
100,1000,30,4,4487,0.005083
100,1000,30,6,,
25,1000,31,2,,
25,1000,31,4,4669,0.009032
25,1000,31,6,,
49,1000,32,2,4621,11.775108
49,1000,32,4,4500,0.005299
49,1000,32,6,,
13,5000,26,2,20095,19.190139
13,5000,26,4,19741,0.004991
13,5000,26,6,19741,22.566198
60,5000,27,2,24682,5.89044
60,5000,27,4,22206,0.165616
60,5000,27,6,22206,32.28496
60,5000,28,2,25726,4.655244
60,5000,28,4,23119,0.004066
60,5000,28,6,23119,69.481177
46,5000,29,2,,
46,5000,29,4,23724,0.005844
46,5000,29,6,,
45,5000,30,2,25162,82.097282
45,5000,30,4,23937,0.007559
45,5000,30,6,,
48,5000,31,2,24315,2.402285
48,5000,31,4,22919,0.003721
48,5000,31,6,,
48,5000,32,2,24426,2.558143
48,5000,32,4,23702,0.005014
48,5000,32,6,,
60,100,26,2,517,1.187074
60,100,26,4,461,0.00318
60,100,26,6,461,15.12239
13,100,27,2,502,2.647101
13,100,27,4,453,0.005941
13,100,27,6,453,32.346275
78,100,28,2,485,1.607856
78,100,28,4,428,0.005303
78,100,28,6,,
35,100,29,2,456,4.122251
35,100,29,4,431,0.259555
35,100,29,6,,
79,100,30,2,518,0.894726
79,100,30,4,466,0.003222
79,100,30,6,,
55,100,31,2,421,1.725123
55,100,31,4,390,0.006773
55,100,31,6,,
2,100,32,2,,
2,100,32,4,473,0.034966
2,100,32,6,,
37,1000,26,2,5183,1.130137
37,1000,26,4,4212,0.003882
37,1000,26,6,4212,15.021897
78,1000,27,2,4619,0.432273
78,1000,27,4,4321,0.003879
78,1000,27,6,4321,32.310461
74,1000,28,2,6075,18.67571
74,1000,28,4,4865,0.050752
74,1000,28,6,4865,70.232708
100,1000,29,2,4924,3.034218
100,1000,29,4,4483,0.007151
100,1000,29,6,,
69,1000,30,2,5273,209.385179
69,1000,30,4,4659,0.005217
69,1000,30,6,,
69,1000,31,2,5415,317.530467
69,1000,31,4,4665,0.006769
69,1000,31,6,,
53,1000,32,2,5231,24.16591
53,1000,32,4,4969,0.011356
53,1000,32,6,,
4,5000,26,2,23305,3.633897
4,5000,26,4,21742,0.004158
4,5000,26,6,21742,15.014112
2,5000,27,2,24356,5.533484
2,5000,27,4,23208,0.003213
2,5000,27,6,23208,32.296878
14,5000,28,2,22328,336.79549
14,5000,28,4,21215,0.121964
14,5000,28,6,21215,69.453178
28,5000,29,2,28670,546.858105
28,5000,29,4,24561,0.009744
28,5000,29,6,,
92,5000,30,2,24852,5.754357
92,5000,30,4,22206,0.004848
92,5000,30,6,,
93,5000,31,2,22742,5.260638
93,5000,31,4,21308,0.01656
93,5000,31,6,,
39,5000,32,2,24392,84.810399
39,5000,32,4,22690,0.006859
39,5000,32,6,,
2,100,26,2,497,133.05797
2,100,26,4,452,0.015991
2,100,26,6,452,15.034799
52,100,27,2,423,1.2472
52,100,27,4,417,0.003302
52,100,27,6,417,33.70997
61,100,28,2,473,0.587806
61,100,28,4,401,0.285241
61,100,28,6,,
28,100,29,2,505,73.131184
28,100,29,4,463,0.003652
28,100,29,6,,
93,100,30,2,455,0.053548
93,100,30,4,449,0.002089
93,100,30,6,,
59,100,31,2,,
59,100,31,4,468,0.159546
59,100,31,6,,
56,100,32,2,543,163.510751
56,100,32,4,475,0.007388
56,100,32,6,,
89,1000,26,2,4090,8.699716
89,1000,26,4,3761,0.00369
89,1000,26,6,3761,15.006878
93,1000,27,2,4205,168.803322
93,1000,27,4,4087,0.012207
93,1000,27,6,4087,32.303645
36,1000,28,2,4486,67.015312
36,1000,28,4,4237,0.005887
36,1000,28,6,4237,69.435391
22,1000,29,2,4096,126.881983
22,1000,29,4,3995,0.014474
22,1000,29,6,,
41,1000,30,2,5189,4.635248
41,1000,30,4,4717,0.003358
41,1000,30,6,,
37,1000,31,2,5233,5.494025
37,1000,31,4,4475,0.005448
37,1000,31,6,,
74,1000,32,2,6023,101.012982
74,1000,32,4,5158,0.037786
74,1000,32,6,,
23,5000,26,2,24565,12.154084
23,5000,26,4,22503,0.02048
23,5000,26,6,22503,15.005792
52,5000,27,2,22982,3.739496
52,5000,27,4,21827,0.002532
52,5000,27,6,21827,32.267743
60,5000,28,2,25726,4.696151
60,5000,28,4,23119,0.004027
60,5000,28,6,23119,69.448973
68,5000,29,2,23967,2.043068
68,5000,29,4,21849,0.004404
68,5000,29,6,,
15,5000,30,2,25878,9.920057
15,5000,30,4,24318,0.003071
15,5000,30,6,,
57,5000,31,2,22982,50.779953
57,5000,31,4,20950,0.005254
57,5000,31,6,,
11,5000,32,2,24837,275.795743
11,5000,32,4,22416,0.026671
11,5000,32,6,,
25,100,26,2,410,43.81997
25,100,26,4,392,0.003834
25,100,26,6,,
23,100,27,2,,
23,100,27,4,419,0.008737
23,100,27,6,419,32.503573
5,100,28,2,489,3.533806
5,100,28,4,447,0.003705
5,100,28,6,,
92,100,29,2,443,4.749352
92,100,29,4,411,0.003697
92,100,29,6,,
9,100,30,2,513,60.136123
9,100,30,4,496,0.004066
9,100,30,6,,
35,100,31,2,475,2.73748
35,100,31,4,452,0.005771
35,100,31,6,,
52,100,32,2,490,10.051186
52,100,32,4,459,0.006753
52,100,32,6,,
60,1000,26,2,,
60,1000,26,4,4163,0.008182
60,1000,26,6,4163,15.45003
74,1000,27,2,5771,7.897383
74,1000,27,4,4692,0.041284
74,1000,27,6,4692,148.325972
47,1000,28,2,,
47,1000,28,4,4706,0.027657
47,1000,28,6,4706,70.653617
81,1000,29,2,5523,0.120655
81,1000,29,4,4895,0.288546
81,1000,29,6,,
98,1000,30,2,4711,30.766475
98,1000,30,4,4440,0.006904
98,1000,30,6,,
45,1000,31,2,5870,2.947929
45,1000,31,4,5053,0.00474
45,1000,31,6,,
4,1000,32,2,5155,5.028503
4,1000,32,4,4812,0.007996
4,1000,32,6,,
43,5000,26,2,20866,0.742833
43,5000,26,4,19766,0.002353
43,5000,26,6,19766,15.00978
6,5000,27,2,23501,3.022336
6,5000,27,4,22178,0.003548
6,5000,27,6,22178,32.309239
26,5000,28,2,22230,14.60487
26,5000,28,4,21156,0.004578
26,5000,28,6,,
2,5000,29,2,25120,5.921569
2,5000,29,4,23939,0.00374
2,5000,29,6,,
47,5000,30,2,23839,9.418545
47,5000,30,4,21600,0.039464
47,5000,30,6,,
11,5000,31,2,23673,38.005512
11,5000,31,4,21470,0.005477
11,5000,31,6,,
96,5000,32,2,25348,1.809746
96,5000,32,4,24148,0.004786
96,5000,32,6,,
74,100,26,2,412,0.101998
74,100,26,4,398,0.001719
74,100,26,6,398,15.054271
41,100,27,2,423,0.725252
41,100,27,4,416,0.004147
41,100,27,6,,
39,100,28,2,418,0.493953
39,100,28,4,398,0.003686
39,100,28,6,,
28,100,29,2,505,78.703024
28,100,29,4,463,0.430565
28,100,29,6,,
84,100,30,2,529,40.833409
84,100,30,4,483,2.060397
84,100,30,6,,
86,100,31,2,,
86,100,31,4,430,0.070094
86,100,31,6,,
91,100,32,2,536,29.204855
91,100,32,4,492,0.012449
91,100,32,6,,
71,1000,26,2,4712,49.318546
71,1000,26,4,4429,0.18236
71,1000,26,6,,
3,1000,27,2,4681,26.883799
3,1000,27,4,4304,2.886255
3,1000,27,6,,
74,1000,28,2,6075,31.698817
74,1000,28,4,4865,0.694895
74,1000,28,6,,
49,1000,29,2,4211,3.181488
49,1000,29,4,4207,4.378951
49,1000,29,6,,
30,1000,30,2,5164,27.644202
30,1000,30,4,4887,1.164438
30,1000,30,6,,
11,1000,31,2,5354,36.945505
11,1000,31,4,4634,0.005286
11,1000,31,6,,
71,1000,32,2,5214,390.966273
71,1000,32,4,4700,0.006944
71,1000,32,6,,
33,5000,26,2,25908,10.531118
33,5000,26,4,23812,0.003026
33,5000,26,6,23812,15.053578
51,5000,27,2,22950,0.591007
51,5000,27,4,22531,0.004286
51,5000,27,6,22531,67.618526
16,5000,28,2,27092,21.356835
16,5000,28,4,23759,0.003764
16,5000,28,6,23759,71.120637
66,5000,29,2,25410,16.759332
66,5000,29,4,22526,0.003981
66,5000,29,6,,
43,5000,30,2,22194,3.756165
43,5000,30,4,20606,0.004097
43,5000,30,6,,
20,5000,31,2,22093,91.469681
20,5000,31,4,21200,0.007967
20,5000,31,6,,
45,5000,32,2,25602,194.957448
45,5000,32,4,24580,0.008473
45,5000,32,6,,
2,100,26,2,497,130.393872
2,100,26,4,452,0.242529
2,100,26,6,452,17.53006
37,100,27,2,514,75.750226
37,100,27,4,464,0.006955
37,100,27,6,464,32.247133
2,100,28,2,,
2,100,28,4,456,0.017467
2,100,28,6,456,69.433503
81,100,29,2,471,57.385421
81,100,29,4,428,0.013768
81,100,29,6,,
74,100,30,2,467,0.66426
74,100,30,4,454,0.005259
74,100,30,6,,
62,100,31,2,516,0.34593
62,100,31,4,495,0.003554
62,100,31,6,,
69,100,32,2,520,0.770994
69,100,32,4,467,0.003945
69,100,32,6,,
38,1000,26,2,4745,0.60313
38,1000,26,4,4202,0.003002
38,1000,26,6,4202,15.020947
83,1000,27,2,4295,3.413855
83,1000,27,4,4219,0.004531
83,1000,27,6,4219,32.30786
60,1000,28,2,,
60,1000,28,4,4207,0.011377
60,1000,28,6,4207,69.415841
49,1000,29,2,4211,2.981086
49,1000,29,4,4207,0.003208
49,1000,29,6,,
87,1000,30,2,5681,1.000485
87,1000,30,4,4987,0.003474
87,1000,30,6,,
52,1000,31,2,4862,5.443083
52,1000,31,4,4409,0.004042
52,1000,31,6,,
1,1000,32,2,4462,6.29556
1,1000,32,4,4462,0.003887
1,1000,32,6,,
27,5000,26,2,20825,4.657803
27,5000,26,4,19533,0.002472
27,5000,26,6,19533,15.014084
60,5000,27,2,24682,5.922992
60,5000,27,4,22206,0.003812
60,5000,27,6,22206,32.303065
92,5000,28,2,24565,1.930598
92,5000,28,4,21889,0.003889
92,5000,28,6,21889,69.421804
77,5000,29,2,21816,14.762008
77,5000,29,4,21138,0.003833
77,5000,29,6,,
75,5000,30,2,22205,3.334311
75,5000,30,4,21470,0.004256
75,5000,30,6,,
35,5000,31,2,26667,26.318515
35,5000,31,4,25441,0.008545
35,5000,31,6,,
51,5000,32,2,28866,24.446017
51,5000,32,4,25473,0.031418
51,5000,32,6,,
96,100,26,2,472,14.678176
96,100,26,4,425,0.004225
96,100,26,6,425,25.895601
7,100,27,2,537,3.803129
7,100,27,4,461,0.146466
7,100,27,6,,
61,100,28,2,473,0.60064
61,100,28,4,401,0.006028
61,100,28,6,,
39,100,29,2,421,3.039985
39,100,29,4,403,0.005762
39,100,29,6,,
9,100,30,2,513,95.286867
9,100,30,4,496,0.004072
9,100,30,6,,
27,100,31,2,523,95.926662
27,100,31,4,486,0.022115
27,100,31,6,,
75,100,32,2,511,1.670159
75,100,32,4,477,0.005456
75,100,32,6,,
74,1000,26,2,5686,3.926142
74,1000,26,4,4607,0.037814
74,1000,26,6,4607,15.144688
83,1000,27,2,4295,3.445373
83,1000,27,4,4219,0.004768
83,1000,27,6,4219,32.443146
83,1000,28,2,4311,0.379107
83,1000,28,4,4235,0.004705
83,1000,28,6,,
51,1000,29,2,4145,0.843333
51,1000,29,4,3865,0.239074
51,1000,29,6,,
53,1000,30,2,5000,4.352322
53,1000,30,4,4717,0.009791
53,1000,30,6,,
6,1000,31,2,5444,50.09563
6,1000,31,4,4978,0.024232
6,1000,31,6,,
21,1000,32,2,4507,14.646564
21,1000,32,4,4417,0.009243
21,1000,32,6,,
89,5000,26,2,24181,58.779509
89,5000,26,4,23389,0.018289
89,5000,26,6,23389,32.799258
46,5000,27,2,,
46,5000,27,4,23167,1.004214
46,5000,27,6,,
5,5000,28,2,24492,1.576489
5,5000,28,4,22060,0.002479
5,5000,28,6,22060,69.486117
61,5000,29,2,26751,419.338023
61,5000,29,4,25024,0.012988
61,5000,29,6,,
69,5000,30,2,,
69,5000,30,4,23760,0.009327
69,5000,30,6,,
75,5000,31,2,22411,5.402639
75,5000,31,4,21676,0.004491
75,5000,31,6,,
43,5000,32,2,26167,98.332061
43,5000,32,4,22120,0.091534
43,5000,32,6,,
79,100,26,2,486,2.612016
79,100,26,4,453,0.404192
79,100,26,6,,
53,100,27,2,381,0.111902
53,100,27,4,379,0.003052
53,100,27,6,,
1,100,28,2,387,1.007215
1,100,28,4,368,0.00297
1,100,28,6,,
86,100,29,2,,
86,100,29,4,427,0.129387
86,100,29,6,,
83,100,30,2,554,4.477507
83,100,30,4,495,0.005876
83,100,30,6,,
47,100,31,2,514,1.386292
47,100,31,4,486,0.005269
47,100,31,6,,
73,100,32,2,458,18.046849
73,100,32,4,413,0.013245
73,100,32,6,,
74,1000,26,2,5686,3.865477
74,1000,26,4,4607,0.037231
74,1000,26,6,4607,15.408478
88,1000,27,2,4709,0.36233
88,1000,27,4,4335,0.176145
88,1000,27,6,,
44,1000,28,2,4608,1.464569
44,1000,28,4,4124,0.003521
44,1000,28,6,,
48,1000,29,2,5059,132.687283
48,1000,29,4,4696,0.580507
48,1000,29,6,,
5,1000,30,2,4899,4.109573
5,1000,30,4,4634,0.003567
5,1000,30,6,,
82,1000,31,2,4587,0.792747
82,1000,31,4,4242,0.004174
82,1000,31,6,,
92,1000,32,2,4722,309.390764
92,1000,32,4,4239,0.042725
92,1000,32,6,,
74,5000,26,2,24517,20.938354
74,5000,26,4,22989,0.003185
74,5000,26,6,22989,15.094691
35,5000,27,2,25143,22.343822
35,5000,27,4,24633,0.00542
35,5000,27,6,24633,32.340637
39,5000,28,2,23590,11.568943
39,5000,28,4,21833,0.003384
39,5000,28,6,,
9,5000,29,2,25515,30.389996
9,5000,29,4,22928,1.217563
9,5000,29,6,,
66,5000,30,2,25889,41.461644
66,5000,30,4,22917,0.005326
66,5000,30,6,,
100,5000,31,2,24964,521.272367
100,5000,31,4,23165,0.005053
100,5000,31,6,,
91,5000,32,2,27001,119.10279
91,5000,32,4,22854,0.00474
91,5000,32,6,,
92,100,26,2,441,5.034276
92,100,26,4,410,0.003538
92,100,26,6,410,15.062072
95,100,27,2,502,6.990068
95,100,27,4,470,0.017251
95,100,27,6,,
91,100,28,2,530,6.498006
91,100,28,4,479,0.005149
91,100,28,6,,
60,100,29,2,556,6.428249
60,100,29,4,488,0.004885
60,100,29,6,,
60,100,30,2,575,7.334024
60,100,30,4,496,0.005493
60,100,30,6,,
64,100,31,2,437,2.922332
64,100,31,4,410,0.004156
64,100,31,6,,
30,100,32,2,517,0.765511
30,100,32,4,480,0.003425
30,100,32,6,,
51,1000,26,2,3850,3.197214
51,1000,26,4,3757,0.004483
51,1000,26,6,3757,15.121206
29,1000,27,2,4276,0.248897
29,1000,27,4,4197,0.002175
29,1000,27,6,4197,32.432131
59,1000,28,2,4385,1.770842
59,1000,28,4,4167,0.003154
59,1000,28,6,,
48,1000,29,2,5059,117.189312
48,1000,29,4,4696,0.02201
48,1000,29,6,,
66,1000,30,2,4587,28.716809
66,1000,30,4,4407,0.00398
66,1000,30,6,,
99,1000,31,2,5507,17.165757
99,1000,31,4,5178,0.052194
99,1000,31,6,,
78,1000,32,2,5158,4.469775
78,1000,32,4,4646,0.006289
78,1000,32,6,,
42,5000,26,2,21477,172.650845
42,5000,26,4,20599,0.057519
42,5000,26,6,,
62,5000,27,2,23930,290.38103
62,5000,27,4,22557,0.009079
62,5000,27,6,22557,32.531105
50,5000,28,2,28702,96.073154
50,5000,28,4,23116,0.003363
50,5000,28,6,23116,85.494083
45,5000,29,2,23590,73.065763
45,5000,29,4,23508,0.026341
45,5000,29,6,,
57,5000,30,2,22743,18.734129
57,5000,30,4,20843,0.004319
57,5000,30,6,,
24,5000,31,2,28511,9.302659
24,5000,31,4,24995,0.007823
24,5000,31,6,,
43,5000,32,2,26167,98.371607
43,5000,32,4,22120,0.118005
43,5000,32,6,,
40,100,26,2,431,1.733093
40,100,26,4,399,0.002166
40,100,26,6,399,14.998977
1,100,27,2,386,33.836002
1,100,27,4,367,0.007002
1,100,27,6,367,32.291147
36,100,28,2,469,46.115132
36,100,28,4,422,0.007686
36,100,28,6,422,69.449184
63,100,29,2,436,3.038692
63,100,29,4,415,0.009514
63,100,29,6,,
74,100,30,2,467,0.661945
74,100,30,4,454,0.00515
74,100,30,6,,
31,100,31,2,504,63.894019
31,100,31,4,472,0.00422
31,100,31,6,,
25,100,32,2,,
25,100,32,4,425,0.018141
25,100,32,6,,
87,1000,26,2,5370,1.202067
87,1000,26,4,4791,0.002601
87,1000,26,6,4791,15.013042
3,1000,27,2,4681,15.834923
3,1000,27,4,4304,0.004616
3,1000,27,6,4304,32.285306
32,1000,28,2,5483,19.722311
32,1000,28,4,5083,0.006524
32,1000,28,6,5083,69.416247
77,1000,29,2,5119,2.233839
77,1000,29,4,4676,0.004223
77,1000,29,6,,
16,1000,30,2,5307,9.090638
16,1000,30,4,4507,0.003435
16,1000,30,6,,
74,1000,31,2,5990,34.235696
74,1000,31,4,5066,0.054026
74,1000,31,6,,
53,1000,32,2,5231,24.105065
53,1000,32,4,4969,0.011404
53,1000,32,6,,
83,5000,26,2,20575,5.25968
83,5000,26,4,20171,0.003027
83,5000,26,6,20171,14.997652
5,5000,27,2,22724,0.245035
5,5000,27,4,20814,0.002165
5,5000,27,6,20814,32.299481
20,5000,28,2,21679,37.51772
20,5000,28,4,20318,0.003675
20,5000,28,6,20318,69.42818
26,5000,29,2,23688,17.714733
26,5000,29,4,21895,0.004821
26,5000,29,6,,
20,5000,30,2,21917,163.937769
20,5000,30,4,20909,0.007081
20,5000,30,6,,
22,5000,31,2,22273,11.11394
22,5000,31,4,21401,0.004212
22,5000,31,6,,
57,5000,32,2,22557,43.558631
57,5000,32,4,21103,0.005405
57,5000,32,6,,
11,100,26,2,489,10.135801
11,100,26,4,449,0.005102
11,100,26,6,449,16.458762
40,100,27,2,429,13.75823
40,100,27,4,416,3.260012
40,100,27,6,,
46,100,28,2,588,3.366893
46,100,28,4,457,2.874454
46,100,28,6,,
35,100,29,2,456,7.233184
35,100,29,4,431,0.531738
35,100,29,6,,
46,100,30,2,576,3.094932
46,100,30,4,480,1.581269
46,100,30,6,,
52,100,31,2,445,7.600669
52,100,31,4,438,1.227289
52,100,31,6,,
5,100,32,2,500,292.661885
5,100,32,4,459,0.28769
5,100,32,6,,
96,1000,26,2,4081,20.094296
96,1000,26,4,3736,0.004701
96,1000,26,6,3736,34.016378
29,1000,27,2,4276,0.251403
29,1000,27,4,4197,0.00221
29,1000,27,6,,
93,1000,28,2,4379,490.473088
93,1000,28,4,4200,0.019746
93,1000,28,6,,
70,1000,29,2,5595,0.541162
70,1000,29,4,4685,0.002713
70,1000,29,6,,
73,1000,30,2,,
73,1000,30,4,4564,0.008567
73,1000,30,6,,
80,1000,31,2,4585,0.382697
80,1000,31,4,4412,0.002878
80,1000,31,6,,
88,1000,32,2,4810,3.851942
88,1000,32,4,4577,0.006648
88,1000,32,6,,
7,5000,26,2,,
7,5000,26,4,21884,0.60965
7,5000,26,6,,
30,5000,27,2,22840,2.007535
30,5000,27,4,21695,0.003491
30,5000,27,6,,
85,5000,28,2,24054,0.394777
85,5000,28,4,22961,0.004613
85,5000,28,6,,
24,5000,29,2,26702,14.548981
24,5000,29,4,24869,0.027457
24,5000,29,6,,
62,5000,30,2,24374,71.658101
62,5000,30,4,23149,0.005292
62,5000,30,6,,
5,5000,31,2,29172,15.980198
5,5000,31,4,24391,0.005562
5,5000,31,6,,
95,5000,32,2,25692,72.763612
95,5000,32,4,24309,0.00623
95,5000,32,6,,
96,100,26,2,472,14.717906
96,100,26,4,425,0.004248
96,100,26,6,425,102.005761
78,100,27,2,479,1.339625
78,100,27,4,425,0.005128
78,100,27,6,425,32.470224
68,100,28,2,469,1.613205
68,100,28,4,451,0.005703
68,100,28,6,,
39,100,29,2,421,3.036894
39,100,29,4,403,0.00582
39,100,29,6,,
81,100,30,2,515,73.089033
81,100,30,4,435,0.015698
81,100,30,6,,
79,100,31,2,515,1.433265
79,100,31,4,468,0.003723
79,100,31,6,,
45,100,32,2,458,5.911323
45,100,32,4,443,0.004845
45,100,32,6,,
50,1000,26,2,4109,0.056985
50,1000,26,4,4028,0.002015
50,1000,26,6,4028,15.04596
58,1000,27,2,5101,54.743983
58,1000,27,4,4783,0.511348
58,1000,27,6,4783,55.089048
23,1000,28,2,4849,0.1297
23,1000,28,4,4009,0.006459
23,1000,28,6,,
100,1000,29,2,4924,3.114086
100,1000,29,4,4483,0.007617
100,1000,29,6,,
68,1000,30,2,4713,20.772663
68,1000,30,4,4450,0.009636
68,1000,30,6,,
1,1000,31,2,4390,14.845845
1,1000,31,4,4390,0.004566
1,1000,31,6,,
22,1000,32,2,,
22,1000,32,4,4010,0.023406
22,1000,32,6,,
53,5000,26,2,24320,3.264456
53,5000,26,4,23730,0.002629
53,5000,26,6,23730,15.09927
58,5000,27,2,23279,1.548323
58,5000,27,4,22730,0.004081
58,5000,27,6,22730,32.493193
17,5000,28,2,20674,1.051001
17,5000,28,4,20513,0.003029
17,5000,28,6,20513,70.403697
73,5000,29,2,21999,1.013505
73,5000,29,4,20777,0.225986
73,5000,29,6,,
49,5000,30,2,24035,11.59986
49,5000,30,4,23356,0.008037
49,5000,30,6,,
47,5000,31,2,24983,16.277097
47,5000,31,4,21666,0.003735
47,5000,31,6,,
81,5000,32,2,27361,571.522569
81,5000,32,4,24807,0.011862
81,5000,32,6,,
94,100,26,2,467,0.64722
94,100,26,4,441,0.006026
94,100,26,6,441,15.05698
5,100,27,2,485,2.598491
5,100,27,4,441,0.015256
5,100,27,6,441,32.376701
70,100,28,2,455,11.389844
70,100,28,4,419,0.003567
70,100,28,6,,
13,100,29,2,544,26.328986
13,100,29,4,459,0.005813
13,100,29,6,,
37,100,30,2,500,13.335104
37,100,30,4,473,0.00778
37,100,30,6,,
48,100,31,2,401,9.436988
48,100,31,4,401,0.003368
48,100,31,6,,
38,100,32,2,439,16.713596
38,100,32,4,428,0.00567
38,100,32,6,,
29,1000,26,2,4003,0.148138
29,1000,26,4,3924,0.002004
29,1000,26,6,3924,17.064231
49,1000,27,2,4116,0.339009
49,1000,27,4,4106,0.231982
49,1000,27,6,,
7,1000,28,2,3653,0.255169
7,1000,28,4,3653,0.003198
7,1000,28,6,,
11,1000,29,2,5353,15.591137
11,1000,29,4,4419,0.004182
11,1000,29,6,,
44,1000,30,2,4664,1.160828
44,1000,30,4,4180,0.008842
44,1000,30,6,,
83,1000,31,2,4545,2.180607
83,1000,31,4,4467,0.00541
83,1000,31,6,,
33,1000,32,2,4457,48.00926
33,1000,32,4,4442,0.119743
33,1000,32,6,,
3,5000,26,2,24953,24.614229
3,5000,26,4,24744,1.676934
3,5000,26,6,,
35,5000,27,2,25143,38.260176
35,5000,27,4,24633,1.863439
35,5000,27,6,,
52,5000,28,2,23836,0.843616
52,5000,28,4,22681,2.838914
52,5000,28,6,,
1,5000,29,2,26345,50.263855
1,5000,29,4,24148,1.163227
1,5000,29,6,,
59,5000,30,2,25961,480.476933
59,5000,30,4,22637,0.00398
59,5000,30,6,,
20,5000,31,2,22093,92.029382
20,5000,31,4,21200,0.007964
20,5000,31,6,,
95,5000,32,2,25692,72.900466
95,5000,32,4,24309,0.006275
95,5000,32,6,,
63,100,26,2,403,5.09242
63,100,26,4,388,0.005382
63,100,26,6,388,15.015195
94,100,27,2,463,0.580288
94,100,27,4,442,0.007133
94,100,27,6,442,32.303756
48,100,28,2,374,2.031336
48,100,28,4,374,0.002921
48,100,28,6,374,69.457102
64,100,29,2,430,4.131222
64,100,29,4,409,0.004537
64,100,29,6,,
16,100,30,2,508,0.376922
16,100,30,4,473,0.003951
16,100,30,6,,
71,100,31,2,513,6.001513
71,100,31,4,491,0.032445
71,100,31,6,,
44,100,32,2,505,193.282024
44,100,32,4,489,0.123646
44,100,32,6,,
15,1000,26,2,3921,0.295046
15,1000,26,4,3921,0.002583
15,1000,26,6,3921,15.020423
54,1000,27,2,4154,0.116367
54,1000,27,4,4075,0.002481
54,1000,27,6,4075,32.344401
83,1000,28,2,4311,0.378441
83,1000,28,4,4235,0.004688
83,1000,28,6,,
93,1000,29,2,4652,586.16742
93,1000,29,4,4334,0.031308
93,1000,29,6,,
46,1000,30,2,5851,8.84863
46,1000,30,4,5159,0.017408
46,1000,30,6,,
43,1000,31,2,4878,8.083658
43,1000,31,4,4492,0.007436
43,1000,31,6,,
4,1000,32,2,5155,5.001504
4,1000,32,4,4812,0.007979
4,1000,32,6,,
32,5000,26,2,26370,8.411966
32,5000,26,4,21632,0.003853
32,5000,26,6,21632,15.016359
70,5000,27,2,23145,51.884062
70,5000,27,4,22616,0.008601
70,5000,27,6,22616,32.302547
24,5000,28,2,25828,3.767334
24,5000,28,4,24415,0.008172
24,5000,28,6,24415,69.43743
75,5000,29,2,22174,2.731177
75,5000,29,4,21439,0.003638
75,5000,29,6,,
76,5000,30,2,26083,42.290333
76,5000,30,4,24599,0.00555
76,5000,30,6,,
43,5000,31,2,22922,35.885735
43,5000,31,4,21882,0.058898
43,5000,31,6,,
55,5000,32,2,29965,5.701968
55,5000,32,4,26317,0.004976
55,5000,32,6,,
67,100,26,2,489,7.600086
67,100,26,4,422,0.005207
67,100,26,6,422,23.882513
21,100,27,2,488,21.224156
21,100,27,4,450,0.534868
21,100,27,6,,
69,100,28,2,494,0.493627
69,100,28,4,447,0.003868
69,100,28,6,,
59,100,29,2,,
59,100,29,4,466,0.008289
59,100,29,6,,
36,100,30,2,460,17.692049
36,100,30,4,429,0.011197
36,100,30,6,,
54,100,31,2,505,190.846064
54,100,31,4,463,0.021477
54,100,31,6,,
47,100,32,2,522,1.705226
47,100,32,4,489,0.004671
47,100,32,6,,
45,1000,26,2,5267,33.560612
45,1000,26,4,4853,0.00696
45,1000,26,6,4853,15.042298
16,1000,27,2,5047,7.631586
16,1000,27,4,4315,0.002864
16,1000,27,6,4315,32.489137
59,1000,28,2,4385,1.781245
59,1000,28,4,4167,0.003149
59,1000,28,6,,
23,1000,29,2,4876,0.166287
23,1000,29,4,4036,0.007143
23,1000,29,6,,
45,1000,30,2,5751,1.507333
45,1000,30,4,4932,0.004227
45,1000,30,6,,
24,1000,31,2,5579,16.47772
24,1000,31,4,4788,0.010367
24,1000,31,6,,
15,1000,32,2,4661,7.702441
15,1000,32,4,4395,0.011159
15,1000,32,6,,
40,5000,26,2,21278,339.112252
40,5000,26,4,20629,3.989426
40,5000,26,6,,
76,5000,27,2,,
76,5000,27,4,24569,0.014927
76,5000,27,6,24569,32.386093
1,5000,28,2,24575,23.619549
1,5000,28,4,23333,0.004062
1,5000,28,6,23333,69.533619
5,5000,29,2,25048,3.993989
5,5000,29,4,22419,0.003589
5,5000,29,6,,
61,5000,30,2,,
61,5000,30,4,25364,0.030999
61,5000,30,6,,
60,5000,31,2,26548,33.705253
60,5000,31,4,24331,0.019666
60,5000,31,6,,
68,5000,32,2,27973,12.652939
68,5000,32,4,22901,0.006773
68,5000,32,6,,
98,100,26,2,412,6.015838
98,100,26,4,380,0.010839
98,100,26,6,380,15.055326
12,100,27,2,525,18.968389
12,100,27,4,488,0.013239
12,100,27,6,488,32.387456
79,100,28,2,486,4.146342
79,100,28,4,454,0.006222
79,100,28,6,,
62,100,29,2,502,3.391725
62,100,29,4,479,0.139841
62,100,29,6,,
4,100,30,2,515,12.10252
4,100,30,4,489,0.003715
4,100,30,6,,
82,100,31,2,455,81.050274
82,100,31,4,428,0.063841
82,100,31,6,,
64,100,32,2,460,2.909599
64,100,32,4,426,0.004474
64,100,32,6,,
45,1000,26,2,5267,33.499918
45,1000,26,4,4853,0.006749
45,1000,26,6,4853,15.046263
27,1000,27,2,4327,60.30924
27,1000,27,4,4168,0.005817
27,1000,27,6,4168,32.409075
95,1000,28,2,5021,17.923042
95,1000,28,4,4687,0.008327
95,1000,28,6,,
48,1000,29,2,5059,107.543873
48,1000,29,4,4696,0.021989
48,1000,29,6,,
20,1000,30,2,5232,107.285557
20,1000,30,4,4406,0.502581
20,1000,30,6,,
1,1000,31,2,4390,21.616346
1,1000,31,4,4390,0.500011
1,1000,31,6,,
54,1000,32,2,4623,12.175319
54,1000,32,4,4439,0.077077
54,1000,32,6,,
37,5000,26,2,22698,15.756787
37,5000,26,4,22271,1.130555
37,5000,26,6,,
76,5000,27,2,,
76,5000,27,4,24569,0.014683
76,5000,27,6,24569,32.301535
43,5000,28,2,24833,1.063597
43,5000,28,4,20549,0.006579
43,5000,28,6,,
35,5000,29,2,25574,97.249655
35,5000,29,4,25024,0.0138
35,5000,29,6,,
37,5000,30,2,25664,12.601418
37,5000,30,4,23985,0.049578
37,5000,30,6,,
4,5000,31,2,25928,153.62847
4,5000,31,4,23776,0.101095
4,5000,31,6,,
53,5000,32,2,28694,81.956277
53,5000,32,4,25545,0.004735
53,5000,32,6,,
4,100,26,2,449,33.951772
4,100,26,4,422,0.00607
4,100,26,6,422,125.115146
18,100,27,2,448,0.521265
18,100,27,4,436,0.004107
18,100,27,6,436,35.085536
39,100,28,2,418,0.501532
39,100,28,4,398,0.463495
39,100,28,6,,
57,100,29,2,483,20.376233
57,100,29,4,421,0.0117
57,100,29,6,,
37,100,30,2,500,13.610358
37,100,30,4,473,0.007958
37,100,30,6,,
96,100,31,2,,
96,100,31,4,439,0.883469
96,100,31,6,,
44,100,32,2,505,424.151512
44,100,32,4,489,0.106228
44,100,32,6,,
4,1000,26,2,5137,0.904057
4,1000,26,4,4333,0.003027
4,1000,26,6,4333,15.064522
74,1000,27,2,5771,7.790798
74,1000,27,4,4692,0.040779
74,1000,27,6,4692,37.09175
20,1000,28,2,4563,3.760435
20,1000,28,4,4296,0.007276
20,1000,28,6,4296,70.864629
38,1000,29,2,5051,5.987009
38,1000,29,4,4511,0.12877
38,1000,29,6,,
91,1000,30,2,5199,4.546375
91,1000,30,4,4572,0.012695
91,1000,30,6,,
61,1000,31,2,4872,27.780716
61,1000,31,4,4610,0.005373
61,1000,31,6,,
99,1000,32,2,5517,25.685601
99,1000,32,4,5188,0.020354
99,1000,32,6,,
60,5000,26,2,24020,3.017775
60,5000,26,4,21882,0.029722
60,5000,26,6,21882,15.050907
54,5000,27,2,22022,22.853391
54,5000,27,4,21441,0.002843
54,5000,27,6,,
50,5000,28,2,28702,96.192003
50,5000,28,4,23116,0.003404
50,5000,28,6,,
82,5000,29,2,23626,5.538046
82,5000,29,4,22206,0.003963
82,5000,29,6,,
36,5000,30,2,21962,3.661385
36,5000,30,4,21913,0.003607
36,5000,30,6,,
17,5000,31,2,22637,1.019015
17,5000,31,4,22050,1.053598
17,5000,31,6,,
79,5000,32,2,24622,27.648873
79,5000,32,4,23025,0.156082
79,5000,32,6,,
90,100,26,2,462,28.237379
90,100,26,4,416,0.007316
90,100,26,6,416,15.037886
46,100,27,2,525,0.760923
46,100,27,4,437,0.006533
46,100,27,6,437,39.090011
36,100,28,2,469,46.448539
36,100,28,4,422,0.00779
36,100,28,6,422,71.584698
26,100,29,2,469,181.977413
26,100,29,4,435,0.005071
26,100,29,6,,
81,100,30,2,515,72.312696
81,100,30,4,435,0.015194
81,100,30,6,,
97,100,31,2,559,13.474522
97,100,31,4,512,0.044026
97,100,31,6,,
64,100,32,2,460,2.904307
64,100,32,4,426,0.004437
64,100,32,6,,
3,1000,26,2,4651,9.396254
3,1000,26,4,4294,0.005257
3,1000,26,6,4294,15.016179
11,1000,27,2,4846,30.500278
11,1000,27,4,4384,0.005596
11,1000,27,6,4384,32.308972
47,1000,28,2,,
47,1000,28,4,4706,0.027594
47,1000,28,6,4706,69.476761
95,1000,29,2,5026,66.731333
95,1000,29,4,4692,0.009382
95,1000,29,6,,
64,1000,30,2,4442,0.11889
64,1000,30,4,4392,0.002964
64,1000,30,6,,
6,1000,31,2,5444,49.735994
6,1000,31,4,4978,0.023844
6,1000,31,6,,
55,1000,32,2,4929,46.812267
55,1000,32,4,4562,0.006516
55,1000,32,6,,
28,5000,26,2,26553,36.591974
28,5000,26,4,22869,0.00842
28,5000,26,6,22869,15.011942
98,5000,27,2,21989,165.524964
98,5000,27,4,20428,0.00415
98,5000,27,6,20428,32.315849
32,5000,28,2,23920,9.120981
32,5000,28,4,22376,0.006557
32,5000,28,6,22376,69.456408
28,5000,29,2,28670,546.481913
28,5000,29,4,24561,0.00972
28,5000,29,6,,
60,5000,30,2,25728,106.900108
60,5000,30,4,23815,0.013964
60,5000,30,6,,
13,5000,31,2,21955,46.437416
13,5000,31,4,21643,0.011016
13,5000,31,6,,
44,5000,32,2,,
44,5000,32,4,24715,0.010694
44,5000,32,6,,
96,100,26,2,472,16.936441
96,100,26,4,425,6.40797
96,100,26,6,,
67,100,27,2,492,30.343378
67,100,27,4,427,0.005521
67,100,27,6,,
1,100,28,2,387,1.022397
1,100,28,4,368,0.00303
1,100,28,6,,
91,100,29,2,532,16.701076
91,100,29,4,480,0.017317
91,100,29,6,,
49,100,30,2,525,319.833478
49,100,30,4,486,0.019021
49,100,30,6,,
72,100,31,2,560,0.458364
72,100,31,4,487,0.00389
72,100,31,6,,
93,100,32,2,499,0.460116
93,100,32,4,463,0.003516
93,100,32,6,,
80,1000,26,2,4571,0.500705
80,1000,26,4,4289,0.002187
80,1000,26,6,4289,15.089915
63,1000,27,2,3862,16.459752
63,1000,27,4,3752,0.003073
63,1000,27,6,,
99,1000,28,2,5249,1.147049
99,1000,28,4,4856,0.00505
99,1000,28,6,,
12,1000,29,2,4637,38.692319
12,1000,29,4,4386,4.261944
12,1000,29,6,,
60,1000,30,2,,
60,1000,30,4,4233,0.218434
60,1000,30,6,,
27,1000,31,2,5363,13.889648
27,1000,31,4,4401,1.947569
27,1000,31,6,,
71,1000,32,2,5214,404.779902
71,1000,32,4,4700,0.006914
71,1000,32,6,,
39,5000,26,2,22977,81.95098
39,5000,26,4,21826,0.149665
39,5000,26,6,21826,15.133422
70,5000,27,2,23145,52.389511
70,5000,27,4,22616,0.008916
70,5000,27,6,,
13,5000,28,2,20544,53.088409
13,5000,28,4,20247,0.007554
13,5000,28,6,20247,69.4689
27,5000,29,2,21217,32.440431
27,5000,29,4,19776,0.004166
27,5000,29,6,,
7,5000,30,2,,
7,5000,30,4,22469,0.041226
7,5000,30,6,,
48,5000,31,2,24315,2.399231
48,5000,31,4,22919,0.003723
48,5000,31,6,,
100,5000,32,2,28720,482.532429
100,5000,32,4,23825,0.005949
100,5000,32,6,,
1,100,26,2,391,9.668565
1,100,26,4,366,0.010943
1,100,26,6,366,15.049094
44,100,27,2,485,9.289098
44,100,27,4,465,0.014831
44,100,27,6,465,32.480077
52,100,28,2,428,1.420946
52,100,28,4,422,0.003539
52,100,28,6,,
85,100,29,2,435,432.233944
85,100,29,4,425,0.037912
85,100,29,6,,
15,100,30,2,442,1.086325
15,100,30,4,421,0.003355
15,100,30,6,,
18,100,31,2,466,69.679802
18,100,31,4,459,0.008319
18,100,31,6,,
33,100,32,2,472,55.14904
33,100,32,4,441,1.788618
33,100,32,6,,
73,1000,26,2,4970,565.72346
73,1000,26,4,4346,0.006527
73,1000,26,6,4346,15.11253
7,1000,27,2,3652,0.280544
7,1000,27,4,3652,0.003045
7,1000,27,6,3652,32.3511
37,1000,28,2,5269,1.069889
37,1000,28,4,4275,0.003704
37,1000,28,6,4275,77.47447
38,1000,29,2,5051,5.945614
38,1000,29,4,4511,0.007449
38,1000,29,6,,
97,1000,30,2,5023,4.467529
97,1000,30,4,4620,0.003579
97,1000,30,6,,
44,1000,31,2,4666,0.645168
44,1000,31,4,4188,0.004434
44,1000,31,6,,
32,1000,32,2,5862,19.705148
32,1000,32,4,5271,0.004427
32,1000,32,6,,
81,5000,26,2,23743,89.788053
81,5000,26,4,21145,0.003758
81,5000,26,6,21145,15.047696
89,5000,27,2,24721,27.605322
89,5000,27,4,23604,0.021022
89,5000,27,6,,
76,5000,28,2,27712,530.684154
76,5000,28,4,24598,0.00633
76,5000,28,6,24598,69.460932
65,5000,29,2,27882,2.081588
65,5000,29,4,24504,0.00378
65,5000,29,6,,
91,5000,30,2,26148,0.637012
91,5000,30,4,21906,0.003573
91,5000,30,6,,
77,5000,31,2,23509,135.546845
77,5000,31,4,22201,0.008037
77,5000,31,6,,
27,5000,32,2,23963,104.057742
27,5000,32,4,21566,0.006006
27,5000,32,6,,
72,100,26,2,559,0.232959
72,100,26,4,467,0.003269
72,100,26,6,467,15.057857
56,100,27,2,523,6.85562
56,100,27,4,452,0.004553
56,100,27,6,,
55,100,28,2,445,3.183688
55,100,28,4,383,0.00385
55,100,28,6,,
79,100,29,2,500,5.321378
79,100,29,4,462,0.010866
79,100,29,6,,
45,100,30,2,455,3.351645
45,100,30,4,440,0.004658
45,100,30,6,,
72,100,31,2,560,0.448996
72,100,31,4,487,0.003696
72,100,31,6,,
42,100,32,2,521,7.558677
42,100,32,4,475,0.005404
42,100,32,6,,
47,1000,26,2,5394,377.297238
47,1000,26,4,4691,0.016582
47,1000,26,6,4691,15.082711
21,1000,27,2,4663,90.669875
21,1000,27,4,4359,0.056156
21,1000,27,6,,
68,1000,28,2,4682,6.342579
68,1000,28,4,4408,0.009591
68,1000,28,6,,
31,1000,29,2,4795,28.686156
31,1000,29,4,4697,0.003691
31,1000,29,6,,
85,1000,30,2,4570,35.402586
85,1000,30,4,4371,0.004624
85,1000,30,6,,
50,1000,31,2,5236,13.144902
50,1000,31,4,4953,0.004513
50,1000,31,6,,
42,1000,32,2,4338,0.182252
42,1000,32,4,4044,0.003439
42,1000,32,6,,
68,5000,26,2,22286,1.939172
68,5000,26,4,20260,0.0041
68,5000,26,6,20260,16.686551
51,5000,27,2,22950,0.589903
51,5000,27,4,22531,0.004287
51,5000,27,6,,
2,5000,28,2,25119,12.907425
2,5000,28,4,23936,0.004256
2,5000,28,6,23936,69.490525
38,5000,29,2,22691,2.312129
38,5000,29,4,21666,0.003405
38,5000,29,6,,
9,5000,30,2,25844,44.841294
9,5000,30,4,22984,0.004955
9,5000,30,6,,
8,5000,31,2,23407,19.752516
8,5000,31,4,22286,0.0053
8,5000,31,6,,
86,5000,32,2,25005,19.285982
86,5000,32,4,23716,0.00521
86,5000,32,6,,
29,100,26,2,444,0.127732
29,100,26,4,439,0.002192
29,100,26,6,439,15.144809
31,100,27,2,483,1.09849
31,100,27,4,461,0.013338
31,100,27,6,461,32.778833
80,100,28,2,445,1.451037
80,100,28,4,409,0.230231
80,100,28,6,,
16,100,29,2,486,0.223928
16,100,29,4,445,0.003578
16,100,29,6,,
96,100,30,2,,
96,100,30,4,438,0.010944
96,100,30,6,,
51,100,31,2,438,10.691064
51,100,31,4,417,0.034854
51,100,31,6,,
59,100,32,2,,
59,100,32,4,480,0.010254
59,100,32,6,,
21,1000,26,2,4606,47.816992
21,1000,26,4,4248,0.003409
21,1000,26,6,4248,15.011759
17,1000,27,2,,
17,1000,27,4,4725,0.017393
17,1000,27,6,4725,32.296321
85,1000,28,2,4389,17.879019
85,1000,28,4,4210,0.004014
85,1000,28,6,4210,69.44715
27,1000,29,2,5020,35.609992
27,1000,29,4,4210,0.007788
27,1000,29,6,,
77,1000,30,2,5139,2.978642
77,1000,30,4,4689,0.004526
77,1000,30,6,,
67,1000,31,2,5369,24.083768
67,1000,31,4,4871,0.015425
67,1000,31,6,,
98,1000,32,2,4955,255.860428
98,1000,32,4,4656,0.009896
98,1000,32,6,,
42,5000,26,2,21477,147.153139
42,5000,26,4,20599,0.003973
42,5000,26,6,20599,15.000385
1,5000,27,2,24127,119.271552
1,5000,27,4,22885,0.007317
1,5000,27,6,22885,32.249721
69,5000,28,2,24979,489.219389
69,5000,28,4,23593,0.006684
69,5000,28,6,23593,69.436286
84,5000,29,2,26673,0.652603
84,5000,29,4,22181,0.003796
84,5000,29,6,,
72,5000,30,2,25813,32.171193
72,5000,30,4,23915,0.009159
72,5000,30,6,,
33,5000,31,2,28712,87.83536
33,5000,31,4,25920,0.007715
33,5000,31,6,,
100,5000,32,2,28720,481.379834
100,5000,32,4,23825,0.006055
100,5000,32,6,,
37,100,26,2,504,56.102399
37,100,26,4,463,0.007418
37,100,26,6,463,15.066316
96,100,27,2,474,119.718639
96,100,27,4,427,0.005419
96,100,27,6,427,32.299866
79,100,28,2,486,4.087861
79,100,28,4,454,0.006004
79,100,28,6,454,72.576582
4,100,29,2,516,215.907506
4,100,29,4,471,0.005452
4,100,29,6,,
27,100,30,2,536,19.851011
27,100,30,4,479,0.006476
27,100,30,6,,
82,100,31,2,455,80.589536
82,100,31,4,428,0.047852
82,100,31,6,,
90,100,32,2,523,172.448782
90,100,32,4,488,0.085795
90,100,32,6,,
82,1000,26,2,4391,1.235436
82,1000,26,4,4179,0.002961
82,1000,26,6,4179,15.037938
41,1000,27,2,4874,3.200351
41,1000,27,4,4577,0.005139
41,1000,27,6,4577,32.307271
11,1000,28,2,5015,14.721429
11,1000,28,4,4401,0.005874
11,1000,28,6,4401,69.997094
55,1000,29,2,4425,0.261078
55,1000,29,4,4403,0.1932
55,1000,29,6,,
23,1000,30,2,4884,0.863216
23,1000,30,4,4070,0.005309
23,1000,30,6,,
61,1000,31,2,4872,27.599209
61,1000,31,4,4610,0.005314
61,1000,31,6,,
93,1000,32,2,,
93,1000,32,4,4448,0.039675
93,1000,32,6,,
68,5000,26,2,22286,1.926823
68,5000,26,4,20260,0.004039
68,5000,26,6,20260,15.023159
68,5000,27,2,22775,0.798635
68,5000,27,4,20328,0.003354
68,5000,27,6,20328,32.311089
14,5000,28,2,22328,338.976275
14,5000,28,4,21215,0.119958
14,5000,28,6,21215,69.464905
30,5000,29,2,25880,4.3212
30,5000,29,4,24277,0.005542
30,5000,29,6,,
99,5000,30,2,22844,244.807822
99,5000,30,4,21648,0.011294
99,5000,30,6,,
26,5000,31,2,23405,5.39578
26,5000,31,4,22676,0.004698
26,5000,31,6,,
17,5000,32,2,22745,1.078199
17,5000,32,4,22158,0.004561
17,5000,32,6,,
67,100,26,2,489,7.652008
67,100,26,4,422,0.005338
67,100,26,6,422,15.173799
58,100,27,2,482,0.561818
58,100,27,4,410,0.002207
58,100,27,6,410,54.087624
51,100,28,2,404,2.882109
51,100,28,4,387,0.003495
51,100,28,6,,
60,100,29,2,556,6.504056
60,100,29,4,488,0.182527
60,100,29,6,,
85,100,30,2,449,478.252978
85,100,30,4,439,0.051441
85,100,30,6,,
48,100,31,2,401,9.434677
48,100,31,4,401,0.003374
48,100,31,6,,
52,100,32,2,490,10.033323
52,100,32,4,459,0.006691
52,100,32,6,,
21,1000,26,2,4606,48.725484
21,1000,26,4,4248,0.61613
21,1000,26,6,,
68,1000,27,2,4649,8.512787
68,1000,27,4,4351,0.602701
68,1000,27,6,,
14,1000,28,2,5004,160.505392
14,1000,28,4,4637,0.01281
14,1000,28,6,4637,69.536196
4,1000,29,2,4814,19.190273
4,1000,29,4,4604,0.006238
4,1000,29,6,,
28,1000,30,2,5158,228.545708
28,1000,30,4,4327,0.117728
28,1000,30,6,,
58,1000,31,2,5611,77.966408
58,1000,31,4,5306,0.01251
58,1000,31,6,,
89,1000,32,2,4938,212.66471
89,1000,32,4,4588,0.020773
89,1000,32,6,,
51,5000,26,2,22931,0.534766
51,5000,26,4,22512,0.003182
51,5000,26,6,22512,15.017644
76,5000,27,2,,
76,5000,27,4,24569,0.014736
76,5000,27,6,24569,32.309895
97,5000,28,2,21020,10.491769
97,5000,28,4,20477,0.007328
97,5000,28,6,20477,69.46628
35,5000,29,2,25574,96.17474
35,5000,29,4,25024,0.013802
35,5000,29,6,,
15,5000,30,2,25878,9.94273
15,5000,30,4,24318,0.003126
15,5000,30,6,,
17,5000,31,2,22637,1.017361
17,5000,31,4,22050,0.003703
17,5000,31,6,,
16,5000,32,2,28735,163.552716
16,5000,32,4,24451,0.005239
16,5000,32,6,,
11,100,26,2,489,10.385461
11,100,26,4,449,0.00494
11,100,26,6,449,15.025721
12,100,27,2,525,18.773729
12,100,27,4,488,0.01287
12,100,27,6,488,61.155523
13,100,28,2,546,9.513292
13,100,28,4,459,0.005687
13,100,28,6,,
53,100,29,2,456,1.107813
53,100,29,4,434,0.196178
53,100,29,6,,
24,100,30,2,522,17.127384
24,100,30,4,498,0.00983
24,100,30,6,,
29,100,31,2,472,0.210793
29,100,31,4,469,0.003473
29,100,31,6,,
18,100,32,2,466,76.943523
18,100,32,4,459,0.00912
18,100,32,6,,
42,1000,26,2,4161,0.092492
42,1000,26,4,3893,0.135657
42,1000,26,6,3893,15.029332
2,1000,27,2,3989,0.237062
2,1000,27,4,3833,0.002623
2,1000,27,6,3833,60.302131
11,1000,28,2,5015,15.0782
11,1000,28,4,4401,0.115214
11,1000,28,6,,
27,1000,29,2,5020,36.124063
27,1000,29,4,4210,0.007901
27,1000,29,6,,
8,1000,30,2,4899,44.449393
8,1000,30,4,4818,0.135825
8,1000,30,6,,
38,1000,31,2,5246,176.670461
38,1000,31,4,4691,0.012045
38,1000,31,6,,
65,1000,32,2,4437,1.187837
65,1000,32,4,4169,0.005419
65,1000,32,6,,
100,5000,26,2,24915,149.898124
100,5000,26,4,19510,0.002557
100,5000,26,6,,
36,5000,27,2,20323,0.504709
36,5000,27,4,19235,0.003254
36,5000,27,6,,
30,5000,28,2,26743,8.8702
30,5000,28,4,24127,0.496093
30,5000,28,6,,
54,5000,29,2,22958,39.060889
54,5000,29,4,21776,0.150893
54,5000,29,6,,
13,5000,30,2,20899,14.33248
13,5000,30,4,20661,0.625937
13,5000,30,6,,
33,5000,31,2,28712,98.654439
33,5000,31,4,25920,0.007797
33,5000,31,6,,
25,5000,32,2,23586,87.725904
25,5000,32,4,22754,0.0103
25,5000,32,6,,
60,100,26,2,517,1.177999
60,100,26,4,461,0.003183
60,100,26,6,461,15.966538
80,100,27,2,450,0.69907
80,100,27,4,408,0.223957
80,100,27,6,,
74,100,28,2,427,0.14168
74,100,28,4,406,1.4633
74,100,28,6,,
3,100,29,2,506,3.551793
3,100,29,4,437,0.041028
3,100,29,6,,
76,100,30,2,,
76,100,30,4,447,0.004448
76,100,30,6,,
58,100,31,2,474,1.728386
58,100,31,4,441,0.003379
58,100,31,6,,
21,100,32,2,516,30.095071
21,100,32,4,470,0.026294
21,100,32,6,,
58,1000,26,2,5018,34.124887
58,1000,26,4,4769,0.006372
58,1000,26,6,4769,15.012289
41,1000,27,2,4874,3.181557
41,1000,27,4,4577,0.005133
41,1000,27,6,4577,32.363754
8,1000,28,2,4963,59.579394
8,1000,28,4,4781,0.004007
8,1000,28,6,4781,69.43716
1,1000,29,2,4312,10.594094
1,1000,29,4,4184,0.004108
1,1000,29,6,,
39,1000,30,2,5422,22.100304
39,1000,30,4,4946,0.004021
39,1000,30,6,,
93,1000,31,2,4985,447.976597
93,1000,31,4,4448,0.042736
93,1000,31,6,,
48,1000,32,2,5401,87.692047
48,1000,32,4,5048,0.030919
48,1000,32,6,,
77,5000,26,2,21737,13.059431
77,5000,26,4,20645,0.003289
77,5000,26,6,20645,15.000612
45,5000,27,2,23281,8.644555
45,5000,27,4,22750,0.003682
45,5000,27,6,22750,32.28349
56,5000,28,2,,
56,5000,28,4,24358,0.007955
56,5000,28,6,24402,69.446067
46,5000,29,2,,
46,5000,29,4,23724,0.005808
46,5000,29,6,,
56,5000,30,2,,
56,5000,30,4,24709,0.007505
56,5000,30,6,,
33,5000,31,2,28712,87.956402
33,5000,31,4,25920,0.007683
33,5000,31,6,,
74,5000,32,2,27385,122.963845
74,5000,32,4,25181,0.006361
74,5000,32,6,,
38,100,26,2,427,1.563965
38,100,26,4,417,0.003103
38,100,26,6,417,19.291056
54,100,27,2,484,23.48911
54,100,27,4,437,0.14505
54,100,27,6,,
80,100,28,2,445,1.432726
80,100,28,4,409,0.004072
80,100,28,6,,
72,100,29,2,554,0.305715
72,100,29,4,481,0.003161
72,100,29,6,,
32,100,30,2,547,10.418217
32,100,30,4,508,0.023338
32,100,30,6,,
55,100,31,2,421,1.725372
55,100,31,4,390,0.0371
55,100,31,6,,
4,100,32,2,537,24.221208
4,100,32,4,499,0.52832
4,100,32,6,,
1,1000,26,2,3805,5.693849
1,1000,26,4,3805,4.502348
1,1000,26,6,,
28,1000,27,2,,
28,1000,27,4,4256,0.010092
28,1000,27,6,4256,32.324264
36,1000,28,2,4486,67.179464
36,1000,28,4,4237,0.00597
36,1000,28,6,4237,69.531006
12,1000,29,2,4637,21.460992
12,1000,29,4,4386,0.004831
12,1000,29,6,,
87,1000,30,2,5681,0.99941
87,1000,30,4,4987,0.003624
87,1000,30,6,,
73,1000,31,2,,
73,1000,31,4,4846,0.008992
73,1000,31,6,,
15,1000,32,2,4661,7.706518
15,1000,32,4,4395,0.010896
15,1000,32,6,,
1,5000,26,2,24067,154.484804
1,5000,26,4,22825,0.007238
1,5000,26,6,22825,15.015336
99,5000,27,2,21430,95.33212
99,5000,27,4,20137,0.002745
99,5000,27,6,20137,32.30907
96,5000,28,2,23663,1.065214
96,5000,28,4,22404,0.002671
96,5000,28,6,22404,69.462229
46,5000,29,2,,
46,5000,29,4,23724,0.005747
46,5000,29,6,,
49,5000,30,2,24035,11.428486
49,5000,30,4,23356,0.007708
49,5000,30,6,,
5,5000,31,2,29172,15.746997
5,5000,31,4,24391,0.005476
5,5000,31,6,,
45,5000,32,2,25602,194.979029
45,5000,32,4,24580,0.008227
45,5000,32,6,,
81,100,26,2,459,38.95407
81,100,26,4,411,0.004729
81,100,26,6,411,94.023938
35,100,27,2,451,1.032248
35,100,27,4,422,0.007161
35,100,27,6,422,32.62072
22,100,28,2,469,6.777179
22,100,28,4,456,0.015635
22,100,28,6,,
63,100,29,2,436,3.058153
63,100,29,4,415,0.148158
63,100,29,6,,
32,100,30,2,547,10.465627
32,100,30,4,508,0.023507
32,100,30,6,,
98,100,31,2,447,27.448861
98,100,31,4,417,0.01205
98,100,31,6,,
33,100,32,2,472,37.521144
33,100,32,4,441,0.006054
33,100,32,6,,
35,1000,26,2,4195,0.040573
35,1000,26,4,4134,0.002066
35,1000,26,6,4134,15.946215
64,1000,27,2,4407,0.114851
64,1000,27,4,4373,0.481636
64,1000,27,6,,
74,1000,28,2,6075,18.795698
74,1000,28,4,4865,0.053436
74,1000,28,6,,
42,1000,29,2,4195,0.16369
42,1000,29,4,3927,0.156401
42,1000,29,6,,
4,1000,30,2,5123,18.770096
4,1000,30,4,4800,0.011258
4,1000,30,6,,
86,1000,31,2,5419,6.242565
86,1000,31,4,4898,0.009667
86,1000,31,6,,
76,1000,32,2,5153,9.32351
76,1000,32,4,5072,0.021829
76,1000,32,6,,
90,5000,26,2,22019,13.992306
90,5000,26,4,21563,0.004934
90,5000,26,6,21563,16.794754
80,5000,27,2,,
80,5000,27,4,21137,0.267054
80,5000,27,6,,
3,5000,28,2,,
3,5000,28,4,24871,1.25712
3,5000,28,6,,
66,5000,29,2,25410,17.885153
66,5000,29,4,22526,1.990501
66,5000,29,6,,
35,5000,30,2,26522,27.99602
35,5000,30,4,25296,1.741201
35,5000,30,6,,
7,5000,31,2,,
7,5000,31,4,22585,0.005415
7,5000,31,6,,
44,5000,32,2,,
44,5000,32,4,24715,0.010659
44,5000,32,6,,
54,100,26,2,482,15.232319
54,100,26,4,432,0.005902
54,100,26,6,432,15.120644
39,100,27,2,408,0.2853
39,100,27,4,388,0.002516
39,100,27,6,,
91,100,28,2,530,6.571432
91,100,28,4,479,0.005163
91,100,28,6,,
23,100,29,2,,
23,100,29,4,433,0.290057
23,100,29,6,,
31,100,30,2,500,11.186627
31,100,30,4,468,0.003716
31,100,30,6,,
94,100,31,2,528,2.7544
94,100,31,4,480,0.024319
94,100,31,6,,
2,100,32,2,,
2,100,32,4,473,0.035993
2,100,32,6,,
89,1000,26,2,4090,8.869833
89,1000,26,4,3761,0.003955
89,1000,26,6,,
77,1000,27,2,4867,1.699624
77,1000,27,4,4424,0.491671
77,1000,27,6,,
73,1000,28,2,,
73,1000,28,4,4373,0.00327
73,1000,28,6,4373,71.655974
68,1000,29,2,4702,12.601442
68,1000,29,4,4439,0.021566
68,1000,29,6,,
28,1000,30,2,5158,226.907088
28,1000,30,4,4327,0.014627
28,1000,30,6,,
49,1000,31,2,4281,2.18201
49,1000,31,4,4225,0.003968
49,1000,31,6,,
46,1000,32,2,5972,5.186468
46,1000,32,4,5237,0.013534
46,1000,32,6,,
53,5000,26,2,24320,3.228595
53,5000,26,4,23730,0.002557
53,5000,26,6,23730,15.198526
93,5000,27,2,22548,0.762564
93,5000,27,4,21125,0.005511
93,5000,27,6,,
3,5000,28,2,25175,415.294125
3,5000,28,4,24871,0.003646
3,5000,28,6,24871,69.534566
92,5000,29,2,24830,5.805332
92,5000,29,4,22184,0.003833
92,5000,29,6,,
67,5000,30,2,24156,17.336059
67,5000,30,4,22928,0.005646
67,5000,30,6,,
49,5000,31,2,24085,18.537441
49,5000,31,4,23406,0.008946
49,5000,31,6,,
40,5000,32,2,23290,98.979518
40,5000,32,4,21475,0.04677
40,5000,32,6,,
34,100,26,2,489,27.468948
34,100,26,4,445,0.003697
34,100,26,6,445,15.029909
30,100,27,2,476,36.477954
30,100,27,4,445,0.01242
30,100,27,6,445,32.33066
75,100,28,2,482,4.811567
75,100,28,4,457,0.004387
75,100,28,6,457,74.972684
81,100,29,2,471,57.685479
81,100,29,4,428,0.014056
81,100,29,6,,
80,100,30,2,505,3.091073
80,100,30,4,427,0.004968
80,100,30,6,,
59,100,31,2,,
59,100,31,4,468,0.009396
59,100,31,6,,
85,100,32,2,475,578.928852
85,100,32,4,461,0.148667
85,100,32,6,,
45,1000,26,2,5267,33.102956
45,1000,26,4,4853,0.006694
45,1000,26,6,4853,15.016927
80,1000,27,2,4575,0.725042
80,1000,27,4,4293,0.002454
80,1000,27,6,4293,32.315553
22,1000,28,2,3998,96.57368
22,1000,28,4,3951,0.009516
22,1000,28,6,3951,84.989063
61,1000,29,2,5272,21.339934
61,1000,29,4,4549,0.004622
61,1000,29,6,,
86,1000,30,2,5554,12.606925
86,1000,30,4,4884,0.006029
86,1000,30,6,,
84,1000,31,2,5101,1.928393
84,1000,31,4,4761,0.006448
84,1000,31,6,,
16,1000,32,2,5378,56.181143
16,1000,32,4,4548,0.004318
16,1000,32,6,,
4,5000,26,2,23305,3.653551
4,5000,26,4,21742,0.004164
4,5000,26,6,21742,15.015372
11,5000,27,2,22095,7.791421
11,5000,27,4,20794,0.003581
11,5000,27,6,20794,32.292087
98,5000,28,2,22089,153.038326
98,5000,28,4,21180,0.004763
98,5000,28,6,21180,69.436192
49,5000,29,2,24035,29.186214
49,5000,29,4,23307,0.0067
49,5000,29,6,,
85,5000,30,2,24785,1.204294
85,5000,30,4,23183,0.007393
85,5000,30,6,,
9,5000,31,2,25855,6.867641
9,5000,31,4,22995,0.004443
9,5000,31,6,,
45,5000,32,2,25602,194.628897
45,5000,32,4,24580,0.008248
45,5000,32,6,,
81,100,26,2,459,64.139792
81,100,26,4,411,0.211635
81,100,26,6,,
24,100,27,2,479,6.514293
24,100,27,4,458,0.157084
24,100,27,6,,
21,100,28,2,490,60.03892
21,100,28,4,452,0.009927
21,100,28,6,,
65,100,29,2,460,206.821172
65,100,29,4,420,0.244771
65,100,29,6,,
38,100,30,2,439,25.427326
38,100,30,4,428,0.003937
38,100,30,6,,
45,100,31,2,457,5.812729
45,100,31,4,442,0.004511
45,100,31,6,,
63,100,32,2,444,4.541742
63,100,32,4,422,0.007656
63,100,32,6,,
83,1000,26,2,4324,7.46106
83,1000,26,4,4215,0.003596
83,1000,26,6,4215,16.701104
66,1000,27,2,4350,6.796216
66,1000,27,4,4152,0.003485
66,1000,27,6,,
3,1000,28,2,4870,69.010639
3,1000,28,4,4472,0.010801
3,1000,28,6,,
43,1000,29,2,4438,2.523964
43,1000,29,4,4196,0.022533
43,1000,29,6,,
46,1000,30,2,5851,9.360813
46,1000,30,4,5159,0.208333
46,1000,30,6,,
16,1000,31,2,5311,74.290914
16,1000,31,4,4509,7.463211
16,1000,31,6,,
73,1000,32,2,,
73,1000,32,4,4876,0.008968
73,1000,32,6,,
20,5000,26,2,19670,90.687251
20,5000,26,4,18868,0.004545
20,5000,26,6,18868,15.03076
59,5000,27,2,,
59,5000,27,4,22501,0.006109
59,5000,27,6,22501,32.280679
92,5000,28,2,24565,1.939263
92,5000,28,4,21889,0.003913
92,5000,28,6,21889,70.346523
36,5000,29,2,22863,2.578103
36,5000,29,4,21539,0.172563
36,5000,29,6,,
71,5000,30,2,24056,0.733524
71,5000,30,4,23991,0.003426
71,5000,30,6,,
61,5000,31,2,,
61,5000,31,4,25366,0.037503
61,5000,31,6,,
72,5000,32,2,27206,39.36424
72,5000,32,4,24974,0.018747
72,5000,32,6,,
55,100,26,2,427,1.56872
55,100,26,4,370,0.003261
55,100,26,6,370,15.073984
22,100,27,2,465,5.476743
22,100,27,4,451,0.194317
22,100,27,6,,
29,100,28,2,456,0.11492
29,100,28,4,451,0.002452
29,100,28,6,,
64,100,29,2,430,4.150272
64,100,29,4,409,0.004588
64,100,29,6,,
17,100,30,2,506,11.251756
17,100,30,4,501,0.011105
17,100,30,6,,
22,100,31,2,504,6.102984
22,100,31,4,473,0.015707
22,100,31,6,,
40,100,32,2,,
40,100,32,4,434,0.02325
40,100,32,6,,
63,1000,26,2,3834,63.872911
63,1000,26,4,3724,0.003254
63,1000,26,6,3724,15.036511
5,1000,27,2,4574,2.84853
5,1000,27,4,4309,0.003123
5,1000,27,6,4309,32.330279
80,1000,28,2,4611,0.530528
80,1000,28,4,4329,0.002913
80,1000,28,6,4329,69.459834
63,1000,29,2,3938,65.873268
63,1000,29,4,3810,0.005676
63,1000,29,6,,
99,1000,30,2,5456,20.165052
99,1000,30,4,5014,0.004054
99,1000,30,6,,
48,1000,31,2,5399,157.667164
48,1000,31,4,5046,0.038661
48,1000,31,6,,
47,1000,32,2,,
47,1000,32,4,4782,0.008377
47,1000,32,6,,
95,5000,26,2,24172,122.816627
95,5000,26,4,23231,0.006618
95,5000,26,6,23231,15.024794
98,5000,27,2,21989,166.214875
98,5000,27,4,20428,0.004175
98,5000,27,6,20428,32.2807
38,5000,28,2,22629,2.325426
38,5000,28,4,21604,0.003106
38,5000,28,6,,
52,5000,29,2,24159,5.342779
52,5000,29,4,22922,0.314808
52,5000,29,6,,
43,5000,30,2,22194,3.771118
43,5000,30,4,20606,0.004095
43,5000,30,6,,
83,5000,31,2,24461,28.036599
83,5000,31,4,22218,0.006041
83,5000,31,6,,
26,5000,32,2,23452,7.393779
26,5000,32,4,22723,0.004912
26,5000,32,6,,
47,100,26,2,476,1.75868
47,100,26,4,453,0.016902
47,100,26,6,453,15.967396
98,100,27,2,411,14.646643
98,100,27,4,387,0.186694
98,100,27,6,,
31,100,28,2,498,3.979125
31,100,28,4,462,0.004051
31,100,28,6,,
27,100,29,2,510,3.90201
27,100,29,4,465,0.007509
27,100,29,6,,
8,100,30,2,,
8,100,30,4,466,1.016685
8,100,30,6,,
61,100,31,2,479,6.602964
61,100,31,4,407,0.004724
61,100,31,6,,
48,100,32,2,414,25.862735
48,100,32,4,409,0.004429
48,100,32,6,,
51,1000,26,2,3850,3.174835
51,1000,26,4,3757,0.004359
51,1000,26,6,3757,15.011624
49,1000,27,2,4116,0.332977
49,1000,27,4,4106,0.002434
49,1000,27,6,4106,32.358933
25,1000,28,2,4675,420.624683
25,1000,28,4,4445,0.010219
25,1000,28,6,4445,70.087579
58,1000,29,2,5124,48.855312
58,1000,29,4,4872,0.155937
58,1000,29,6,,
5,1000,30,2,4899,4.10669
5,1000,30,4,4634,0.003589
5,1000,30,6,,
13,1000,31,2,4854,2.562243
13,1000,31,4,4496,0.003993
13,1000,31,6,,
65,1000,32,2,4437,1.170555
65,1000,32,4,4169,0.005408
65,1000,32,6,,
8,5000,26,2,22510,4.368845
8,5000,26,4,21674,0.002994
8,5000,26,6,21674,15.029455
10,5000,27,2,23075,25.043053
10,5000,27,4,21326,0.002928
10,5000,27,6,21326,32.328416
8,5000,28,2,22705,5.522637
8,5000,28,4,21944,0.003486
8,5000,28,6,21944,69.477616
38,5000,29,2,22691,2.316006
38,5000,29,4,21666,0.003412
38,5000,29,6,,
29,5000,30,2,23588,95.448899
29,5000,30,4,22462,0.004293
29,5000,30,6,,
75,5000,31,2,22411,5.440096
75,5000,31,4,21676,0.004544
75,5000,31,6,,
35,5000,32,2,26667,35.414765
35,5000,32,4,25441,0.020551
35,5000,32,6,,
40,100,26,2,431,1.727937
40,100,26,4,399,0.002218
40,100,26,6,399,15.069827
86,100,27,2,443,451.055688
86,100,27,4,422,0.024244
86,100,27,6,422,32.35899
62,100,28,2,500,1.924666
62,100,28,4,477,0.002681
62,100,28,6,477,70.216244
9,100,29,2,508,29.958586
9,100,29,4,488,0.208646
9,100,29,6,,
69,100,30,2,517,0.823927
69,100,30,4,456,0.003455
69,100,30,6,,
59,100,31,2,,
59,100,31,4,468,0.009379
59,100,31,6,,
7,100,32,2,572,57.36174
7,100,32,4,497,0.013319
7,100,32,6,,
16,1000,26,2,4896,3.475671
16,1000,26,4,4206,0.002341
16,1000,26,6,4206,15.034449
77,1000,27,2,4867,1.601159
77,1000,27,4,4424,0.003273
77,1000,27,6,4424,32.276351
27,1000,28,2,4743,43.304541
27,1000,28,4,4210,0.005734
27,1000,28,6,4210,73.161657
17,1000,29,2,,
17,1000,29,4,4903,0.143786
17,1000,29,6,,
95,1000,30,2,5116,84.323352
95,1000,30,4,4695,0.010096
95,1000,30,6,,
88,1000,31,2,4805,1.44419
88,1000,31,4,4553,0.006566
88,1000,31,6,,
33,1000,32,2,4457,43.266861
33,1000,32,4,4442,0.004972
33,1000,32,6,,
87,5000,26,2,25583,171.828312
87,5000,26,4,23733,0.136344
87,5000,26,6,23733,15.00963
24,5000,27,2,25689,3.796869
24,5000,27,4,24276,0.007
24,5000,27,6,24276,32.313901
20,5000,28,2,21679,37.183463
20,5000,28,4,20318,0.003677
20,5000,28,6,20318,69.436354
35,5000,29,2,25574,96.11362
35,5000,29,4,25024,0.013783
35,5000,29,6,,
86,5000,30,2,24796,32.808418
86,5000,30,4,23133,0.006392
86,5000,30,6,,
63,5000,31,2,25743,11.828386
63,5000,31,4,22361,0.004081
63,5000,31,6,,
32,5000,32,2,24722,106.9144
32,5000,32,4,23345,0.008286
32,5000,32,6,,
43,100,26,2,493,250.465003
43,100,26,4,454,0.016481
43,100,26,6,454,15.047764
8,100,27,2,464,349.88102
8,100,27,4,454,0.035766
8,100,27,6,454,32.298632
64,100,28,2,425,7.608122
64,100,28,4,404,0.004329
64,100,28,6,,
78,100,29,2,487,7.938614
78,100,29,4,430,0.006185
78,100,29,6,,
39,100,30,2,442,13.209248
39,100,30,4,424,0.00661
39,100,30,6,,
89,100,31,2,535,4.073505
89,100,31,4,461,0.004029
89,100,31,6,,
77,100,32,2,502,0.39927
77,100,32,4,441,0.00307
77,100,32,6,,
27,1000,26,2,4323,58.235516
27,1000,26,4,4164,0.005454
27,1000,26,6,4164,15.009205
28,1000,27,2,4893,566.161616
28,1000,27,4,4256,0.010117
28,1000,27,6,4256,32.327059
41,1000,28,2,4958,1.674787
41,1000,28,4,4615,0.003013
41,1000,28,6,4615,69.485827
59,1000,29,2,4557,49.062407
59,1000,29,4,4314,0.01283
59,1000,29,6,,
56,1000,30,2,4945,190.290948
56,1000,30,4,4560,0.006568
56,1000,30,6,,
58,1000,31,2,5611,78.402761
58,1000,31,4,5306,0.012524
58,1000,31,6,,
26,1000,32,2,5782,3.333759
26,1000,32,4,4997,0.013322
26,1000,32,6,,
77,5000,26,2,21737,13.121431
77,5000,26,4,20645,0.003281
77,5000,26,6,20645,50.552515
93,5000,27,2,22548,0.758901
93,5000,27,4,21125,0.005383
93,5000,27,6,21125,32.299711
43,5000,28,2,24833,1.063165
43,5000,28,4,20549,0.006489
43,5000,28,6,20549,69.423889
64,5000,29,2,27306,14.632827
64,5000,29,4,23873,0.008751
64,5000,29,6,,
62,5000,30,2,24374,63.693531
62,5000,30,4,23149,0.00523
62,5000,30,6,,
25,5000,31,2,23475,175.408588
25,5000,31,4,22621,0.005889
25,5000,31,6,,
39,5000,32,2,24392,85.168972
39,5000,32,4,22690,0.006851
39,5000,32,6,,
46,100,26,2,523,1.133504
46,100,26,4,435,0.006706
46,100,26,6,435,15.056897
23,100,27,2,,
23,100,27,4,419,0.008707
23,100,27,6,419,32.341622
93,100,28,2,448,0.068982
93,100,28,4,442,0.002651
93,100,28,6,442,69.470937
10,100,29,2,390,13.829419
10,100,29,4,383,0.003905
10,100,29,6,,
59,100,30,2,,
59,100,30,4,468,0.008566
59,100,30,6,,
6,100,31,2,476,120.60134
6,100,31,4,455,0.274338
6,100,31,6,,
96,100,32,2,485,345.066036
96,100,32,4,440,0.010384
96,100,32,6,,
35,1000,26,2,4195,0.040607
35,1000,26,4,4134,0.002059
35,1000,26,6,4134,17.569832
38,1000,27,2,4882,1.056711
38,1000,27,4,4237,0.295593
38,1000,27,6,,
2,1000,28,2,4113,0.310875
2,1000,28,4,4030,0.002738
2,1000,28,6,,
95,1000,29,2,5026,66.929556
95,1000,29,4,4692,0.009469
95,1000,29,6,,
14,1000,30,2,5223,364.395415
14,1000,30,4,4693,0.016204
14,1000,30,6,,
52,1000,31,2,4862,5.45761
52,1000,31,4,4409,0.004055
52,1000,31,6,,
44,1000,32,2,4754,2.754182
44,1000,32,4,4276,0.005035
44,1000,32,6,,
74,5000,26,2,24517,20.624751
74,5000,26,4,22989,0.003091
74,5000,26,6,22989,15.028149
19,5000,27,2,22958,0.740226
19,5000,27,4,20795,0.004522
19,5000,27,6,20795,32.310901
84,5000,28,2,24719,0.348664
84,5000,28,4,21796,0.002822
84,5000,28,6,,
91,5000,29,2,24416,0.521233
91,5000,29,4,21467,0.003445
91,5000,29,6,,
96,5000,30,2,25407,0.768043
96,5000,30,4,24148,0.004183
96,5000,30,6,,
80,5000,31,2,25205,363.948021
80,5000,31,4,23975,0.009727
80,5000,31,6,,
36,5000,32,2,22076,24.8842
36,5000,32,4,22027,0.00681
36,5000,32,6,,
16,100,26,2,452,0.450037
16,100,26,4,416,0.673924
16,100,26,6,,
12,100,27,2,525,43.23974
12,100,27,4,488,0.477533
12,100,27,6,,
42,100,28,2,445,29.941126
42,100,28,4,424,0.005859
42,100,28,6,,
65,100,29,2,460,180.597164
65,100,29,4,420,0.004709
65,100,29,6,,
9,100,30,2,513,69.244353
9,100,30,4,496,0.004118
9,100,30,6,,
88,100,31,2,481,16.256757
88,100,31,4,425,0.014813
88,100,31,6,,
22,100,32,2,525,33.745637
22,100,32,4,489,0.0139
22,100,32,6,,
27,1000,26,2,4323,58.773502
27,1000,26,4,4164,0.071469
27,1000,26,6,,
6,1000,27,2,4831,0.891357
6,1000,27,4,4831,0.005836
6,1000,27,6,,
49,1000,28,2,4132,0.813012
49,1000,28,4,4122,0.002986
49,1000,28,6,,
2,1000,29,2,4187,0.205238
2,1000,29,4,4104,0.003653
2,1000,29,6,,
65,1000,30,2,4367,7.886405
65,1000,30,4,4119,0.359748
65,1000,30,6,,
41,1000,31,2,5258,3.699581
41,1000,31,4,4726,0.137157
41,1000,31,6,,
2,1000,32,2,4605,1.124822
2,1000,32,4,4421,0.015491
2,1000,32,6,,
32,5000,26,2,26370,8.489126
32,5000,26,4,21632,0.044075
32,5000,26,6,,
42,5000,27,2,22709,377.627282
42,5000,27,4,21107,0.013924
42,5000,27,6,,
100,5000,28,2,25359,585.910922
100,5000,28,4,22296,0.005044
100,5000,28,6,22296,75.786142
97,5000,29,2,21933,98.647661
97,5000,29,4,21933,0.161874
97,5000,29,6,,
64,5000,30,2,27144,23.814323
64,5000,30,4,23901,0.010095
64,5000,30,6,,
87,5000,31,2,,
87,5000,31,4,24124,0.291681
87,5000,31,6,,
10,5000,32,2,24397,245.766072
10,5000,32,4,23881,0.015073
10,5000,32,6,,
54,100,26,2,482,14.941278
54,100,26,4,432,0.005784
54,100,26,6,432,15.004596
37,100,27,2,514,75.23725
37,100,27,4,464,0.006904
37,100,27,6,464,32.265123
94,100,28,2,464,0.792822
94,100,28,4,443,0.005108
94,100,28,6,443,69.453119
26,100,29,2,469,180.953557
26,100,29,4,435,0.241408
26,100,29,6,,
34,100,30,2,500,66.240447
34,100,30,4,456,0.011163
34,100,30,6,,
40,100,31,2,452,92.176851
40,100,31,4,426,0.01556
40,100,31,6,,
71,100,32,2,514,6.555745
71,100,32,4,492,0.030193
71,100,32,6,,
73,1000,26,2,4970,259.267053
73,1000,26,4,4346,0.006253
73,1000,26,6,4346,15.01519
14,1000,27,2,4962,60.986254
14,1000,27,4,4595,0.01111
14,1000,27,6,4595,32.282289
52,1000,28,2,4564,15.569478
52,1000,28,4,4321,0.003503
52,1000,28,6,4321,69.411465
85,1000,29,2,4394,15.281172
85,1000,29,4,4215,0.004226
85,1000,29,6,,
63,1000,30,2,4172,77.196439
63,1000,30,4,3985,0.004731
63,1000,30,6,,
56,1000,31,2,5389,380.288765
56,1000,31,4,4721,0.006826
56,1000,31,6,,
48,1000,32,2,5401,87.468738
48,1000,32,4,5048,0.030943
48,1000,32,6,,
81,5000,26,2,23743,88.832857
81,5000,26,4,21145,0.003704
81,5000,26,6,21145,14.998142
7,5000,27,2,,
7,5000,27,4,21890,0.012217
7,5000,27,6,21890,32.292094
29,5000,28,2,,
29,5000,28,4,22433,0.005342
29,5000,28,6,22433,69.424654
64,5000,29,2,27306,14.594522
64,5000,29,4,23873,0.008697
64,5000,29,6,,
7,5000,30,2,,
7,5000,30,4,22469,0.041091
7,5000,30,6,,
65,5000,31,2,28881,4.314319
65,5000,31,4,25187,0.003823
65,5000,31,6,,
15,5000,32,2,27094,20.851221
15,5000,32,4,24561,0.003563
15,5000,32,6,,
56,100,26,2,515,3.543853
56,100,26,4,451,0.713786
56,100,26,6,451,48.914523
27,100,27,2,493,12.535468
27,100,27,4,453,0.004741
27,100,27,6,453,101.013186
34,100,28,2,499,79.953954
34,100,28,4,448,0.004274
34,100,28,6,,
47,100,29,2,551,0.807347
47,100,29,4,472,0.004133
47,100,29,6,,
76,100,30,2,,
76,100,30,4,447,0.004531
76,100,30,6,,
47,100,31,2,514,1.404001
47,100,31,4,486,0.005392
47,100,31,6,,
87,100,32,2,462,104.661827
87,100,32,4,438,0.011851
87,100,32,6,,
24,1000,26,2,5236,0.664559
24,1000,26,4,4557,0.00328
24,1000,26,6,4557,15.026005
54,1000,27,2,4154,0.116254
54,1000,27,4,4075,0.002494
54,1000,27,6,4075,32.314567
60,1000,28,2,,
60,1000,28,4,4207,0.011396
60,1000,28,6,,
62,1000,29,2,4814,32.585005
62,1000,29,4,4624,0.185837
62,1000,29,6,,
54,1000,30,2,4548,5.28019
54,1000,30,4,4364,0.38367
54,1000,30,6,,
37,1000,31,2,5233,5.592721
37,1000,31,4,4475,1.019859
37,1000,31,6,,
84,1000,32,2,5267,0.547349
84,1000,32,4,4866,0.586251
84,1000,32,6,,
45,5000,26,2,23145,5.389228
45,5000,26,4,22614,0.248443
45,5000,26,6,,
77,5000,27,2,21878,14.21152
77,5000,27,4,20786,0.221397
77,5000,27,6,,
36,5000,28,2,20678,0.884752
36,5000,28,4,19534,0.696282
36,5000,28,6,,
61,5000,29,2,26751,594.194721
61,5000,29,4,25024,0.01287
61,5000,29,6,,
21,5000,30,2,28072,31.135818
21,5000,30,4,23928,0.004222
21,5000,30,6,,
77,5000,31,2,23509,135.378063
77,5000,31,4,22201,0.008012
77,5000,31,6,,
32,5000,32,2,24722,106.928867
32,5000,32,4,23345,0.008341
32,5000,32,6,,
59,100,26,2,,
59,100,26,4,458,0.007793
59,100,26,6,458,15.056905
53,100,27,2,381,0.111425
53,100,27,4,379,0.003117
53,100,27,6,379,47.260854
94,100,28,2,464,0.798083
94,100,28,4,443,0.005238
94,100,28,6,443,69.637975
41,100,29,2,439,0.026703
41,100,29,4,432,0.002062
41,100,29,6,,
90,100,30,2,506,65.326401
90,100,30,4,465,0.064262
90,100,30,6,,
22,100,31,2,504,6.110263
22,100,31,4,473,0.0157
22,100,31,6,,
22,100,32,2,525,33.451614
22,100,32,4,489,0.013861
22,100,32,6,,
81,1000,26,2,4813,0.021968
81,1000,26,4,4395,0.001752
81,1000,26,6,4395,15.043057
61,1000,27,2,4831,14.932991
61,1000,27,4,4354,0.003923
61,1000,27,6,4354,32.342651
59,1000,28,2,4385,1.766025
59,1000,28,4,4167,0.003077
59,1000,28,6,4167,78.767207
86,1000,29,2,5516,11.12386
86,1000,29,4,4846,0.005387
86,1000,29,6,,
17,1000,30,2,5730,199.114186
17,1000,30,4,4997,0.00632
17,1000,30,6,,
79,1000,31,2,5437,0.036159
79,1000,31,4,4616,0.002279
79,1000,31,6,,
42,1000,32,2,4338,0.182011
42,1000,32,4,4044,0.003413
42,1000,32,6,,
67,5000,26,2,21713,2.294083
67,5000,26,4,20961,0.00301
67,5000,26,6,20961,15.022367
85,5000,27,2,23459,1.221029
85,5000,27,4,22858,0.005902
85,5000,27,6,22858,32.307483
60,5000,28,2,25726,4.655094
60,5000,28,4,23119,0.004002
60,5000,28,6,,
34,5000,29,2,20401,16.484734
34,5000,29,4,19680,0.11458
34,5000,29,6,,
88,5000,30,2,24919,22.134129
88,5000,30,4,22806,0.005416
88,5000,30,6,,
98,5000,31,2,23595,485.453109
98,5000,31,4,22259,0.003941
98,5000,31,6,,
91,5000,32,2,27001,119.070574
91,5000,32,4,22854,0.004821
91,5000,32,6,,
28,100,26,2,490,283.081692
28,100,26,4,441,0.005414
28,100,26,6,441,83.385327
42,100,27,2,442,19.671773
42,100,27,4,424,0.004998
42,100,27,6,424,32.387378
66,100,28,2,529,5.61419
66,100,28,4,462,0.011158
66,100,28,6,462,69.515165
62,100,29,2,502,3.385039
62,100,29,4,479,0.002905
62,100,29,6,,
32,100,30,2,547,10.415041
32,100,30,4,508,0.023355
32,100,30,6,,
29,100,31,2,472,0.210456
29,100,31,4,469,0.003439
29,100,31,6,,
38,100,32,2,439,16.720161
38,100,32,4,428,0.005701
38,100,32,6,,
32,1000,26,2,5293,11.772488
32,1000,26,4,5076,0.007751
32,1000,26,6,5076,15.053695
2,1000,27,2,3989,0.238352
2,1000,27,4,3833,0.00262
2,1000,27,6,3833,77.625595
67,1000,28,2,4747,3.439495
67,1000,28,4,4514,0.00462
67,1000,28,6,,
62,1000,29,2,4814,32.439127
62,1000,29,4,4624,0.007472
62,1000,29,6,,
7,1000,30,2,3929,0.48355
7,1000,30,4,3892,0.003612
7,1000,30,6,,
60,1000,31,2,,
60,1000,31,4,4250,0.015304
60,1000,31,6,,
46,1000,32,2,5972,5.145431
46,1000,32,4,5237,0.01365
46,1000,32,6,,
63,5000,26,2,21759,1.539264
63,5000,26,4,20383,0.002642
63,5000,26,6,20383,15.057695
55,5000,27,2,25984,0.477205
55,5000,27,4,23791,0.003113
55,5000,27,6,23791,39.272538
66,5000,28,2,25078,11.686353
66,5000,28,4,22194,0.174569
66,5000,28,6,,
30,5000,29,2,25880,4.298621
30,5000,29,4,24277,0.005591
30,5000,29,6,,
71,5000,30,2,24056,0.72688
71,5000,30,4,23991,0.003425
71,5000,30,6,,
70,5000,31,2,26779,57.745027
70,5000,31,4,24241,0.015684
70,5000,31,6,,
38,5000,32,2,23794,19.554703
38,5000,32,4,23110,0.003346
38,5000,32,6,,
